2000,2e-05
4000,1.9999998026079185e-05
6000,1.999999210431752e-05
8000,1.999998223471734e-05
10000,1.9999968417282542e-05
12000,1.9999950652018585e-05
14000,1.9999928938932473e-05
16000,1.9999903278032788e-05
18000,1.9999873669329654e-05
20000,1.9999840112834764e-05
22000,1.9999802608561365e-05
24000,1.9999761156524266e-05
26000,1.9999715756739827e-05
28000,1.999966640922597e-05
30000,1.9999613114002178e-05
32000,1.9999555871089494e-05
34000,1.9999494680510513e-05
36000,1.9999429542289395e-05
38000,1.9999360456451853e-05
40000,1.9999287423025165e-05
42000,1.9999210442038157e-05
44000,1.9999129513521225e-05
46000,1.9999044637506317e-05
48000,1.999895581402694e-05
50000,1.999886304311816e-05
52000,1.9998766324816603e-05
54000,1.999866565916045e-05
56000,1.9998561046189444e-05
58000,1.9998452485944883e-05
60000,1.9998339978469626e-05
62000,1.9998223523808086e-05
64000,1.9998103122006242e-05
66000,1.9997978773111627e-05
68000,1.9997850477173328e-05
70000,1.9997718234241997e-05
72000,1.999758204436984e-05
74000,1.999744190761062e-05
76000,1.9997297824019666e-05
78000,1.999714979365386e-05
80000,1.9996997816571637e-05
82000,1.9996841892832998e-05
84000,1.9996682022499498e-05
86000,1.9996518205634253e-05
88000,1.9996350442301937e-05
90000,1.9996178732568777e-05
92000,1.999600307650256e-05
94000,1.9995823474172637e-05
96000,1.9995639925649906e-05
98000,1.9995452431006837e-05
100000,1.9995260990317446e-05
102000,1.9995065603657307e-05
104000,1.999486627110356e-05
106000,1.99946629927349e-05
108000,1.9994455768631574e-05
110000,1.999424459887539e-05
112000,1.999402948354972e-05
114000,1.9993810422739486e-05
116000,1.9993587416531165e-05
118000,1.9993360465012802e-05
120000,1.999312956827399e-05
122000,1.9992894726405887e-05
124000,1.9992655939501202e-05
126000,1.9992413207654207e-05
128000,1.9992166530960724e-05
130000,1.999191590951814e-05
132000,1.9991661343425396e-05
134000,1.9991402832782992e-05
136000,1.9991140377692986e-05
138000,1.9990873978258986e-05
140000,1.9990603634586164e-05
142000,1.9990329346781245e-05
144000,1.9990051114952518e-05
146000,1.9989768939209822e-05
148000,1.9989482819664557e-05
150000,1.9989192756429678e-05
152000,1.99888987496197e-05
154000,1.998860079935068e-05
156000,1.9988298905740263e-05
158000,1.998799306890762e-05
160000,1.998768328897349e-05
162000,1.9987369566060175e-05
164000,1.9987051900291523e-05
166000,1.9986730291792945e-05
168000,1.998640474069141e-05
170000,1.998607524711543e-05
172000,1.9985741811195098e-05
174000,1.998540443306204e-05
176000,1.9985063112849452e-05
178000,1.998471785069208e-05
180000,1.9984368646726227e-05
182000,1.9984015501089755e-05
184000,1.998365841392208e-05
186000,1.998329738536417e-05
188000,1.998293241555856e-05
190000,1.998256350464933e-05
192000,1.9982190652782122e-05
194000,1.998181386010413e-05
196000,1.998143312676411e-05
198000,1.9981048452912364e-05
200000,1.9980659838700763e-05
202000,1.9980267284282718e-05
204000,1.9979870789813205e-05
206000,1.9979470355448756e-05
208000,1.9979065981347457e-05
210000,1.9978657667668945e-05
212000,1.997824541457442e-05
214000,1.9977829222226625e-05
216000,1.9977409090789874e-05
218000,1.9976985020430026e-05
220000,1.99765570113145e-05
222000,1.9976125063612257e-05
224000,1.9975689177493835e-05
226000,1.997524935313131e-05
228000,1.9974805590698315e-05
230000,1.9974357890370045e-05
232000,1.9973906252323243e-05
234000,1.997345067673621e-05
236000,1.9972991163788795e-05
238000,1.9972527713662412e-05
240000,1.9972060326540023e-05
242000,1.997158900260614e-05
244000,1.9971113742046844e-05
246000,1.9970634545049755e-05
248000,1.9970151411804048e-05
250000,1.9969664342500464e-05
252000,1.9969173337331286e-05
254000,1.9968678396490353e-05
256000,1.9968179520173066e-05
258000,1.9967676708576365e-05
260000,1.9967169961898763e-05
262000,1.9966659280340303e-05
264000,1.9966144664102605e-05
266000,1.9965626113388826e-05
268000,1.9965103628403682e-05
270000,1.996457720935344e-05
272000,1.9964046856445926e-05
274000,1.9963512569890515e-05
276000,1.9962974349898134e-05
278000,1.9962432196681262e-05
280000,1.996188611045393e-05
282000,1.9961336091431728e-05
284000,1.9960782139831795e-05
286000,1.996022425587282e-05
288000,1.995966243977505e-05
290000,1.9959096691760284e-05
292000,1.995852701205186e-05
294000,1.9957953400874682e-05
296000,1.995737585845521e-05
298000,1.9956794385021444e-05
300000,1.995620898080294e-05
302000,1.9955619646030804e-05
304000,1.99550263809377e-05
306000,1.9954429185757835e-05
308000,1.9953828060726975e-05
310000,1.995322300608244e-05
312000,1.995261402206309e-05
314000,1.995200110890934e-05
316000,1.995138426686316e-05
318000,1.9950763496168073e-05
320000,1.995013879706915e-05
322000,1.994951016981301e-05
324000,1.994887761464782e-05
326000,1.994824113182331e-05
328000,1.994760072159075e-05
330000,1.9946956384202964e-05
332000,1.9946308119914327e-05
334000,1.9945655928980767e-05
336000,1.9944999811659754e-05
338000,1.9944339768210312e-05
340000,1.9943675798893017e-05
342000,1.9943007903969998e-05
344000,1.9942336083704923e-05
346000,1.9941660338363018e-05
348000,1.9940980668211058e-05
350000,1.9940297073517362e-05
352000,1.993960955455181e-05
354000,1.9938918111585816e-05
356000,1.993822274489235e-05
358000,1.993752345474594e-05
360000,1.9936820241422652e-05
362000,1.99361131052001e-05
364000,1.9935402046357447e-05
366000,1.9934687065175416e-05
368000,1.9933968161936265e-05
370000,1.993324533692381e-05
372000,1.993251859042341e-05
374000,1.993178792272197e-05
376000,1.9931053334107946e-05
378000,1.9930314824871343e-05
380000,1.9929572395303713e-05
382000,1.9928826045698155e-05
384000,1.9928075776349316e-05
386000,1.9927321587553395e-05
388000,1.9926563479608126e-05
390000,1.99258014528128e-05
392000,1.992503550746826e-05
394000,1.992426564387688e-05
396000,1.9923491862342595e-05
398000,1.9922714163170882e-05
400000,1.992193254666876e-05
402000,1.9921147013144803e-05
404000,1.992035756290912e-05
406000,1.9919564196273387e-05
408000,1.99187669135508e-05
410000,1.9917965715056123e-05
412000,1.991716060110565e-05
414000,1.9916351572017227e-05
416000,1.991553862811025e-05
418000,1.9914721769705654e-05
420000,1.9913900997125924e-05
422000,1.9913076310695085e-05
424000,1.991224771073871e-05
426000,1.991141519758392e-05
428000,1.991057877155938e-05
430000,1.990973843299529e-05
432000,1.990889418222341e-05
434000,1.990804601957703e-05
436000,1.9907193945390995e-05
438000,1.990633796000169e-05
440000,1.9905478063747047e-05
442000,1.9904614256966534e-05
444000,1.9903746540001173e-05
446000,1.9902874913193523e-05
448000,1.9901999376887687e-05
450000,1.9901119931429315e-05
452000,1.9900236577165595e-05
454000,1.9899349314445266e-05
456000,1.9898458143618605e-05
458000,1.989756306503743e-05
460000,1.98966640790551e-05
462000,1.9895761186026528e-05
464000,1.9894854386308162e-05
466000,1.9893943680257984e-05
468000,1.989302906823553e-05
470000,1.9892110550601878e-05
472000,1.989118812771964e-05
474000,1.9890261799952977e-05
476000,1.9889331567667587e-05
478000,1.9888397431230707e-05
480000,1.9887459391011124e-05
482000,1.988651744737916e-05
484000,1.988557160070668e-05
486000,1.9884621851367093e-05
488000,1.9883668199735336e-05
490000,1.9882710646187903e-05
492000,1.9881749191102824e-05
494000,1.9880783834859655e-05
496000,1.987981457783951e-05
498000,1.987884142042504e-05
500000,1.9877864363000425e-05
502000,1.9876883405951395e-05
504000,1.9875898549665214e-05
506000,1.987490979453069e-05
508000,1.9873917140938167e-05
510000,1.9872920589279533e-05
512000,1.9871920139948207e-05
514000,1.987091579333915e-05
516000,1.9869907549848863e-05
518000,1.9868895409875383e-05
520000,1.9867879373818292e-05
522000,1.9866859442078698e-05
524000,1.9865835615059257e-05
526000,1.986480789316416e-05
528000,1.9863776276799138e-05
530000,1.9862740766371448e-05
532000,1.9861701362289906e-05
534000,1.986065806496484e-05
536000,1.985961087480814e-05
538000,1.9858559792233207e-05
540000,1.9857504817654997e-05
542000,1.9856445951489997e-05
544000,1.985538319415623e-05
546000,1.9854316546073265e-05
548000,1.9853246007662183e-05
550000,1.9852171579345626e-05
552000,1.9851093261547753e-05
554000,1.9850011054694274e-05
556000,1.9848924959212427e-05
558000,1.984783497553098e-05
560000,1.9846741104080244e-05
562000,1.9845643345292066e-05
564000,1.9844541699599817e-05
566000,1.9843436167438412e-05
568000,1.98423267492443e-05
570000,1.984121344545546e-05
572000,1.9840096256511405e-05
574000,1.983897518285319e-05
576000,1.9837850224923387e-05
578000,1.9836721383166118e-05
580000,1.983558865802703e-05
582000,1.9834452049953307e-05
584000,1.9833311559393662e-05
586000,1.983216718679834e-05
588000,1.9831018932619128e-05
590000,1.9829866797309333e-05
592000,1.98287107813238e-05
594000,1.982755088511891e-05
596000,1.9826387109152567e-05
598000,1.9825219453884214e-05
600000,1.9824047919774823e-05
602000,1.9822872507286897e-05
604000,1.9821693216884464e-05
606000,1.98205100490331e-05
608000,1.9819323004199892e-05
610000,1.9818132082853473e-05
612000,1.9816937285463996e-05
614000,1.981573861250315e-05
616000,1.9814536064444147e-05
618000,1.981332964176174e-05
620000,1.9812119344932204e-05
622000,1.9810905174433344e-05
624000,1.98096871307445e-05
626000,1.980846521434653e-05
628000,1.9807239425721828e-05
630000,1.9806009765354317e-05
632000,1.980477623372945e-05
634000,1.9803538831334203e-05
636000,1.9802297558657084e-05
638000,1.9801052416188125e-05
640000,1.979980340441889e-05
642000,1.979855052384247e-05
644000,1.9797293774953484e-05
646000,1.9796033158248077e-05
648000,1.9794768674223916e-05
650000,1.9793500323380204e-05
652000,1.979222810621766e-05
654000,1.9790952023238538e-05
656000,1.978967207494662e-05
658000,1.9788388261847204e-05
660000,1.978710058444712e-05
662000,1.9785809043254724e-05
664000,1.9784513638779898e-05
666000,1.978321437153404e-05
668000,1.978191124203008e-05
670000,1.978060425078248e-05
672000,1.977929339830722e-05
674000,1.97779786851218e-05
676000,1.9776660111745246e-05
678000,1.9775337678698113e-05
680000,1.9774011386502476e-05
682000,1.9772681235681933e-05
684000,1.977134722676161e-05
686000,1.977000936026815e-05
688000,1.9768667636729722e-05
690000,1.9767322056676014e-05
692000,1.9765972620638246e-05
694000,1.976461932914915e-05
696000,1.976326218274298e-05
698000,1.976190118195553e-05
700000,1.9760536327324085e-05
702000,1.9759167619387478e-05
704000,1.975779505868605e-05
706000,1.9756418645761665e-05
708000,1.9755038381157708e-05
710000,1.9753654265419093e-05
712000,1.975226629909224e-05
714000,1.9750874482725096e-05
716000,1.9749478816867134e-05
718000,1.9748079302069338e-05
720000,1.974667593888421e-05
722000,1.974526872786578e-05
724000,1.974385766956959e-05
726000,1.9742442764552705e-05
728000,1.9741024013373707e-05
730000,1.9739601416592697e-05
732000,1.973817497477129e-05
734000,1.9736744688472632e-05
736000,1.973531055826137e-05
738000,1.9733872584703677e-05
740000,1.9732430768367242e-05
742000,1.973098510982127e-05
744000,1.972953560963649e-05
746000,1.9728082268385133e-05
748000,1.9726625086640964e-05
750000,1.972516406497925e-05
752000,1.9723699203976775e-05
754000,1.972223050421185e-05
756000,1.9720757966264295e-05
758000,1.971928159071544e-05
760000,1.9717801378148138e-05
762000,1.971631732914675e-05
764000,1.971482944429716e-05
766000,1.9713337724186754e-05
768000,1.9711842169404446e-05
770000,1.9710342780540656e-05
772000,1.970883955818732e-05
774000,1.9707332502937882e-05
776000,1.9705821615387306e-05
778000,1.970430689613207e-05
780000,1.9702788345770153e-05
782000,1.9701265964901063e-05
784000,1.969973975412581e-05
786000,1.9698209714046913e-05
788000,1.9696675845268414e-05
790000,1.9695138148395854e-05
792000,1.9693596624036294e-05
794000,1.9692051272798308e-05
796000,1.969050209529197e-05
798000,1.9688949092128875e-05
800000,1.9687392263922123e-05
802000,1.968583161128632e-05
804000,1.968426713483759e-05
806000,1.9682698835193563e-05
808000,1.9681126712973383e-05
810000,1.9679550768797695e-05
812000,1.9677971003288657e-05
814000,1.9676387417069938e-05
816000,1.967480001076671e-05
818000,1.9673208785005658e-05
820000,1.967161374041497e-05
822000,1.967001487762435e-05
824000,1.9668412197264994e-05
826000,1.9666805699969626e-05
828000,1.966519538637246e-05
830000,1.9663581257109218e-05
832000,1.9661963312817143e-05
834000,1.9660341554134966e-05
836000,1.9658715981702932e-05
838000,1.9657086596162795e-05
840000,1.9655453398157808e-05
842000,1.9653816388332733e-05
844000,1.9652175567333835e-05
846000,1.9650530935808885e-05
848000,1.9648882494407153e-05
850000,1.9647230243779426e-05
852000,1.9645574184577975e-05
854000,1.9643914317456597e-05
856000,1.9642250643070575e-05
858000,1.96405831620767e-05
860000,1.9638911875133278e-05
862000,1.9637236782900092e-05
864000,1.963555788603845e-05
866000,1.9633875185211154e-05
868000,1.9632188681082505e-05
870000,1.963049837431831e-05
872000,1.9628804265585875e-05
874000,1.9627106355554003e-05
876000,1.9625404644893004e-05
878000,1.9623699134274692e-05
880000,1.9621989824372372e-05
882000,1.9620276715860853e-05
884000,1.961855980941644e-05
886000,1.9616839105716947e-05
888000,1.9615114605441674e-05
890000,1.961338630927143e-05
892000,1.9611654217888514e-05
894000,1.960991833197673e-05
896000,1.9608178652221386e-05
898000,1.9606435179309274e-05
900000,1.960468791392869e-05
902000,1.9602936856769425e-05
904000,1.960118200852277e-05
906000,1.9599423369881514e-05
908000,1.9597660941539934e-05
910000,1.9595894724193814e-05
912000,1.9594124718540426e-05
914000,1.959235092527854e-05
916000,1.959057334510842e-05
918000,1.9588791978731832e-05
920000,1.9587006826852025e-05
922000,1.9585217890173755e-05
924000,1.9583425169403264e-05
926000,1.958162866524828e-05
928000,1.9579828378418053e-05
930000,1.957802430962329e-05
932000,1.9576216459576216e-05
934000,1.9574404828990544e-05
936000,1.9572589418581476e-05
938000,1.9570770229065705e-05
940000,1.9568947261161417e-05
942000,1.9567120515588297e-05
944000,1.956528999306751e-05
946000,1.956345569432172e-05
948000,1.9561617620075076e-05
950000,1.955977577105322e-05
952000,1.9557930147983293e-05
954000,1.955608075159391e-05
956000,1.9554227582615184e-05
958000,1.9552370641778718e-05
960000,1.9550509929817604e-05
962000,1.9548645447466423e-05
964000,1.9546777195461236e-05
966000,1.9544905174539606e-05
968000,1.9543029385440576e-05
970000,1.9541149828904676e-05
972000,1.9539266505673928e-05
974000,1.9537379416491836e-05
976000,1.9535488562103393e-05
978000,1.9533593943255077e-05
980000,1.9531695560694856e-05
982000,1.9529793415172184e-05
984000,1.952788750743799e-05
986000,1.9525977838244702e-05
988000,1.9524064408346225e-05
990000,1.9522147218497955e-05
992000,1.952022626945676e-05
994000,1.9518301561981006e-05
996000,1.951637309683054e-05
998000,1.9514440874766686e-05
1000000,1.9512504896552253e-05
1002000,1.9510565162951534e-05
1004000,1.9508621674730307e-05
1006000,1.950667443265583e-05
1008000,1.9504723437496843e-05
1010000,1.950276869002357e-05
1012000,1.9500810191007714e-05
1014000,1.9498847941222458e-05
1016000,1.9496881941442468e-05
1018000,1.9494912192443888e-05
1020000,1.9492938695004345e-05
1022000,1.9490961449902946e-05
1024000,1.9488980457920273e-05
1026000,1.9486995719838392e-05
1028000,1.9485007236440844e-05
1030000,1.9483015008512655e-05
1032000,1.948101903684032e-05
1034000,1.947901932221182e-05
1036000,1.9477015865416613e-05
1038000,1.9475008667245624e-05
1040000,1.9472997728491272e-05
1042000,1.947098304994744e-05
1044000,1.946896463240949e-05
1046000,1.9466942476674266e-05
1048000,1.9464916583540074e-05
1050000,1.9462886953806713e-05
1052000,1.9460853588275448e-05
1054000,1.9458816487749016e-05
1056000,1.9456775653031633e-05
1058000,1.945473108492899e-05
1060000,1.9452682784248248e-05
1062000,1.9450630751798043e-05
1064000,1.9448574988388487e-05
1066000,1.944651549483116e-05
1068000,1.9444452271939123e-05
1070000,1.94423853205269e-05
1072000,1.944031464141049e-05
1074000,1.9438240235407365e-05
1076000,1.943616210333647e-05
1078000,1.9434080246018215e-05
1080000,1.9431994664274486e-05
1082000,1.9429905358928638e-05
1084000,1.9427812330805495e-05
1086000,1.9425715580731352e-05
1088000,1.9423615109533973e-05
1090000,1.942151091804259e-05
1092000,1.94194030070879e-05
1094000,1.9417291377502083e-05
1096000,1.941517603011877e-05
1098000,1.9413056965773067e-05
1100000,1.941093418530155e-05
1102000,1.9408807689542253e-05
1104000,1.9406677479334687e-05
1106000,1.9404543555519828e-05
1108000,1.940240591894011e-05
1110000,1.9400264570439444e-05
1112000,1.9398119510863194e-05
1114000,1.93959707410582e-05
1116000,1.939381826187276e-05
1118000,1.939166207415664e-05
1120000,1.9389502178761066e-05
1122000,1.9387338576538736e-05
1124000,1.93851712683438e-05
1126000,1.938300025503188e-05
1128000,1.938082553746006e-05
1130000,1.937864711648688e-05
1132000,1.937646499297235e-05
1134000,1.9374279167777936e-05
1136000,1.9372089641766564e-05
1138000,1.9369896415802627e-05
1140000,1.936769949075198e-05
1142000,1.9365498867481923e-05
1144000,1.9363294546861237e-05
1146000,1.936108652976015e-05
1148000,1.9358874817050347e-05
1150000,1.9356659409604986e-05
1152000,1.9354440308298673e-05
1154000,1.935221751400747e-05
1156000,1.9349991027608905e-05
1158000,1.9347760849981955e-05
1160000,1.9345526982007062e-05
1162000,1.9343289424566122e-05
1164000,1.9341048178542485e-05
1166000,1.9338803244820962e-05
1168000,1.9336554624287814e-05
1170000,1.9334302317830764e-05
1172000,1.9332046326338985e-05
1174000,1.9329786650703108e-05
1176000,1.9327523291815217e-05
1178000,1.932525625056885e-05
1180000,1.9322985527859e-05
1182000,1.932071112458211e-05
1184000,1.931843304163608e-05
1186000,1.931615127992026e-05
1188000,1.9313865840335453e-05
1190000,1.9311576723783918e-05
1192000,1.9309283931169355e-05
1194000,1.930698746339693e-05
1196000,1.9304687321373248e-05
1198000,1.9302383506006366e-05
1200000,1.9300076018205804e-05
1202000,1.929776485888251e-05
1204000,1.9295450028948898e-05
1206000,1.9293131529318825e-05
1208000,1.92908093609076e-05
1210000,1.928848352463198e-05
1212000,1.9286154021410166e-05
1214000,1.9283820852161808e-05
1216000,1.9281484017808e-05
1218000,1.9279143519271296e-05
1220000,1.9276799357475685e-05
1222000,1.9274451533346603e-05
1224000,1.9272100047810935e-05
1226000,1.926974490179701e-05
1228000,1.92673860962346e-05
1230000,1.9265023632054927e-05
1232000,1.9262657510190658e-05
1234000,1.926028773157589e-05
1236000,1.9257914297146184e-05
1238000,1.925553720783853e-05
1240000,1.9253156464591368e-05
1242000,1.925077206834457e-05
1244000,1.9248384020039468e-05
1246000,1.924599232061882e-05
1248000,1.924359697102683e-05
1250000,1.9241197972209146e-05
1252000,1.9238795325112857e-05
1254000,1.9236389030686487e-05
1256000,1.9233979089880003e-05
1258000,1.9231565503644813e-05
1260000,1.922914827293376e-05
1262000,1.9226727398701133e-05
1264000,1.922430288190265e-05
1266000,1.9221874723495477e-05
1268000,1.921944292443821e-05
1270000,1.9217007485690882e-05
1272000,1.921456840821497e-05
1274000,1.921212569297338e-05
1276000,1.9209679340930456e-05
1278000,1.9207229353051983e-05
1280000,1.9204775730305174e-05
1282000,1.9202318473658686e-05
1284000,1.91998575840826e-05
1286000,1.9197393062548438e-05
1288000,1.9194924910029153e-05
1290000,1.9192453127499134e-05
1292000,1.9189977715934197e-05
1294000,1.91874986763116e-05
1296000,1.918501600961003e-05
1298000,1.91825297168096e-05
1300000,1.9180039798891863e-05
1302000,1.9177546256839793e-05
1304000,1.917504909163781e-05
1306000,1.917254830427175e-05
1308000,1.9170043895728884e-05
1310000,1.9167535866997912e-05
1312000,1.9165024219068964e-05
1314000,1.9162508952933604e-05
1316000,1.9159990069584813e-05
1318000,1.915746757001701e-05
1320000,1.9154941455226034e-05
1322000,1.9152411726209162e-05
1324000,1.9149878383965084e-05
1326000,1.914734142949393e-05
1328000,1.9144800863797244e-05
1330000,1.9142256687878002e-05
1332000,1.9139708902740604e-05
1334000,1.913715750939088e-05
1336000,1.913460250883607e-05
1338000,1.9132043902084858e-05
1340000,1.9129481690147333e-05
1342000,1.9126915874035025e-05
1344000,1.9124346454760868e-05
1346000,1.9121773433339233e-05
1348000,1.911919681078591e-05
1350000,1.9116616588118106e-05
1352000,1.911403276635445e-05
1354000,1.9111445346514997e-05
1356000,1.9108854329621218e-05
1358000,1.9106259716696008e-05
1360000,1.9103661508763677e-05
1362000,1.9101059706849957e-05
1364000,1.9098454311981995e-05
1366000,1.9095845325188363e-05
1368000,1.9093232747499047e-05
1370000,1.909061657994545e-05
1372000,1.90879968235604e-05
1374000,1.9085373479378125e-05
1376000,1.9082746548434286e-05
1378000,1.9080116031765956e-05
1380000,1.9077481930411614e-05
1382000,1.9074844245411167e-05
1384000,1.907220297780593e-05
1386000,1.9069558128638632e-05
1388000,1.906690969895342e-05
1390000,1.9064257689795852e-05
1392000,1.9061602102212898e-05
1394000,1.905894293725294e-05
1396000,1.9056280195965776e-05
1398000,1.9053613879402615e-05
1400000,1.905094398861608e-05
1402000,1.9048270524660197e-05
1404000,1.9045593488590403e-05
1406000,1.904291288146356e-05
1408000,1.904022870433792e-05
1410000,1.903754095827316e-05
1412000,1.903484964433035e-05
1414000,1.9032154763571987e-05
1416000,1.9029456317061967e-05
1418000,1.9026754305865593e-05
1420000,1.9024048731049574e-05
1422000,1.9021339593682025e-05
1424000,1.9018626894832482e-05
1426000,1.9015910635571866e-05
1428000,1.9013190816972516e-05
1430000,1.9010467440108172e-05
1432000,1.900774050605398e-05
1434000,1.9005010015886495e-05
1436000,1.9002275970683665e-05
1438000,1.899953837152485e-05
1440000,1.899679721949081e-05
1442000,1.899405251566371e-05
1444000,1.899130426112712e-05
1446000,1.8988552456965996e-05
1448000,1.8985797104266715e-05
1450000,1.8983038204117046e-05
1452000,1.8980275757606153e-05
1454000,1.8977509765824616e-05
1456000,1.89747402298644e-05
1458000,1.8971967150818872e-05
1460000,1.8969190529782802e-05
1462000,1.8966410367852358e-05
1464000,1.8963626666125097e-05
1466000,1.8960839425699985e-05
1468000,1.8958048647677382e-05
1470000,1.8955254333159043e-05
1472000,1.8952456483248114e-05
1474000,1.8949655099049146e-05
1476000,1.8946850181668082e-05
1478000,1.8944041732212257e-05
1480000,1.89412297517904e-05
1482000,1.8938414241512637e-05
1484000,1.8935595202490492e-05
1486000,1.8932772635836872e-05
1488000,1.8929946542666083e-05
1490000,1.8927116924093824e-05
1492000,1.892428378123718e-05
1494000,1.8921447115214634e-05
1496000,1.8918606927146054e-05
1498000,1.8915763218152704e-05
1500000,1.891291598935723e-05
1502000,1.891006524188368e-05
1504000,1.8907210976857482e-05
1506000,1.890435319540545e-05
1508000,1.8901491898655794e-05
1510000,1.889862708773811e-05
1512000,1.8895758763783383e-05
1514000,1.8892886927923972e-05
1516000,1.889001158129364e-05
1518000,1.8887132725027526e-05
1520000,1.8884250360262155e-05
1522000,1.8881364488135445e-05
1524000,1.887847510978669e-05
1526000,1.8875582226356565e-05
1528000,1.887268583898714e-05
1530000,1.8869785948821865e-05
1532000,1.8866882557005567e-05
1534000,1.8863975664684456e-05
1536000,1.8861065273006134e-05
1538000,1.8858151383119576e-05
1540000,1.8855233996175133e-05
1542000,1.885231311332455e-05
1544000,1.8849388735720946e-05
1546000,1.8846460864518818e-05
1548000,1.8843529500874037e-05
1550000,1.8840594645943864e-05
1552000,1.8837656300886934e-05
1554000,1.8834714466863255e-05
1556000,1.8831769145034223e-05
1558000,1.88288203365626e-05
1560000,1.8825868042612528e-05
1562000,1.8822912264349532e-05
1564000,1.8819953002940496e-05
1566000,1.88169902595537e-05
1568000,1.8814024035358783e-05
1570000,1.8811054331526762e-05
1572000,1.880808114923003e-05
1574000,1.8805104489642355e-05
1576000,1.8802124353938876e-05
1578000,1.8799140743296098e-05
1580000,1.8796153658891906e-05
1582000,1.8793163101905555e-05
1584000,1.879016907351767e-05
1586000,1.8787171574910243e-05
1588000,1.878417060726664e-05
1590000,1.87811661717716e-05
1592000,1.877815826961122e-05
1594000,1.877514690197297e-05
1596000,1.8772132070045698e-05
1598000,1.8769113775019607e-05
1600000,1.8766092018086272e-05
1602000,1.8763066800438638e-05
1604000,1.8760038123271013e-05
1606000,1.8757005987779066e-05
1608000,1.8753970395159838e-05
1610000,1.875093134661174e-05
1612000,1.874788884333453e-05
1614000,1.8744842886529347e-05
1616000,1.874179347739868e-05
1618000,1.8738740617146396e-05
1620000,1.8735684306977707e-05
1622000,1.87326245480992e-05
1624000,1.8729561341718825e-05
1626000,1.8726494689045878e-05
1628000,1.872342459129103e-05
1630000,1.8720351049666306e-05
1632000,1.8717274065385092e-05
1634000,1.871419363966213e-05
1636000,1.8711109773713527e-05
1638000,1.8708022468756742e-05
1640000,1.8704931726010593e-05
1642000,1.870183754669526e-05
1644000,1.869873993203227e-05
1646000,1.8695638883244522e-05
1648000,1.869253440155625e-05
1650000,1.8689426488193066e-05
1652000,1.8686315144381914e-05
1654000,1.8683200371351107e-05
1656000,1.868008217033031e-05
1658000,1.8676960542550537e-05
1660000,1.867383548924416e-05
1662000,1.86707070116449e-05
1664000,1.8667575110987827e-05
1666000,1.8664439788509368e-05
1668000,1.86613010454473e-05
1670000,1.8658158883040747e-05
1672000,1.8655013302530186e-05
1674000,1.865186430515744e-05
1676000,1.864871189216569e-05
1678000,1.864555606479945e-05
1680000,1.86423968243046e-05
1682000,1.8639234171928348e-05
1684000,1.8636068108919267e-05
1686000,1.8632898636527262e-05
1688000,1.8629725756003598e-05
1690000,1.862654946860087e-05
1692000,1.8623369775573033e-05
1694000,1.8620186678175378e-05
1696000,1.8617000177664535e-05
1698000,1.8613810275298493e-05
1700000,1.861061697233657e-05
1702000,1.8607420270039432e-05
1704000,1.8604220169669087e-05
1706000,1.8601016672488883e-05
1708000,1.859780977976351e-05
1710000,1.8594599492759002e-05
1712000,1.8591385812742724e-05
1714000,1.8588168740983387e-05
1716000,1.8584948278751042e-05
1718000,1.8581724427317078e-05
1720000,1.8578497187954216e-05
1722000,1.8575266561936523e-05
1724000,1.8572032550539396e-05
1726000,1.8568795155039573e-05
1728000,1.8565554376715126e-05
1730000,1.8562310216845463e-05
1732000,1.8559062676711328e-05
1734000,1.85558117575948e-05
1736000,1.8552557460779284e-05
1738000,1.8549299787549533e-05
1740000,1.8546038739191615e-05
1742000,1.854277431699295e-05
1744000,1.8539506522242274e-05
1746000,1.8536235356229663e-05
1748000,1.8532960820246524e-05
1750000,1.8529682915585588e-05
1752000,1.8526401643540917e-05
1754000,1.8523117005407914e-05
1756000,1.85198290024833e-05
1758000,1.8516537636065117e-05
1760000,1.8513242907452755e-05
1762000,1.8509944817946914e-05
1764000,1.8506643368849632e-05
1766000,1.850333856146427e-05
1768000,1.8500030397095508e-05
1770000,1.849671887704936e-05
1772000,1.849340400263316e-05
1774000,1.849008577515557e-05
1776000,1.8486764195926577e-05
1778000,1.848343926625748e-05
1780000,1.8480110987460913e-05
1782000,1.8476779360850826e-05
1784000,1.8473444387742493e-05
1786000,1.847010606945251e-05
1788000,1.8466764407298794e-05
1790000,1.8463419402600576e-05
1792000,1.8460071056678414e-05
1794000,1.845671937085418e-05
1796000,1.8453364346451065e-05
1798000,1.845000598479358e-05
1800000,1.844664428720756e-05
1802000,1.844327925502014e-05
1804000,1.8439910889559785e-05
1806000,1.8436539192156277e-05
1808000,1.8433164164140704e-05
1810000,1.8429785806845476e-05
1812000,1.842640412160431e-05
1814000,1.8423019109752246e-05
1816000,1.8419630772625634e-05
1818000,1.8416239111562135e-05
1820000,1.841284412790072e-05
1822000,1.8409445822981677e-05
1824000,1.8406044198146604e-05
1826000,1.840263925473841e-05
1828000,1.8399230994101306e-05
1830000,1.8395819417580825e-05
1832000,1.8392404526523803e-05
1834000,1.8388986322278386e-05
1836000,1.8385564806194023e-05
1838000,1.8382139979621476e-05
1840000,1.8378711843912814e-05
1842000,1.8375280400421407e-05
1844000,1.8371845650501936e-05
1846000,1.8368407595510387e-05
1848000,1.836496623680405e-05
1850000,1.836152157574152e-05
1852000,1.835807361368269e-05
1854000,1.8354622351988765e-05
1856000,1.8351167792022248e-05
1858000,1.834770993514694e-05
1860000,1.8344248782727955e-05
1862000,1.8340784336131698e-05
1864000,1.8337316596725877e-05
1866000,1.83338455658795e-05
1868000,1.833037124496288e-05
1870000,1.832689363534762e-05
1872000,1.8323412738406624e-05
1874000,1.8319928555514094e-05
1876000,1.8316441088045533e-05
1878000,1.8312950337377738e-05
1880000,1.83094563048888e-05
1882000,1.8305958991958112e-05
1884000,1.8302458399966354e-05
1886000,1.8298954530295507e-05
1888000,1.829544738432884e-05
1890000,1.829193696345092e-05
1892000,1.8288423269047607e-05
1894000,1.8284906302506048e-05
1896000,1.8281386065214692e-05
1898000,1.8277862558563266e-05
1900000,1.8274335783942804e-05
1902000,1.8270805742745605e-05
1904000,1.826727243636529e-05
1906000,1.8263735866196744e-05
1908000,1.826019603363615e-05
1910000,1.825665294008098e-05
1912000,1.8253106586929986e-05
1914000,1.8249556975583216e-05
1916000,1.8246004107441998e-05
1918000,1.8242447983908954e-05
1920000,1.823888860638798e-05
1922000,1.8235325976284262e-05
1924000,1.8231760095004274e-05
1926000,1.8228190963955765e-05
1928000,1.8224618584547768e-05
1930000,1.822104295819061e-05
1932000,1.8217464086295887e-05
1934000,1.8213881970276485e-05
1936000,1.8210296611546563e-05
1938000,1.8206708011521564e-05
1940000,1.8203116171618212e-05
1942000,1.8199521093254507e-05
1944000,1.819592277784973e-05
1946000,1.819232122682444e-05
1948000,1.818871644160047e-05
1950000,1.818510842360093e-05
1952000,1.8181497174250216e-05
1954000,1.8177882694973987e-05
1956000,1.817426498719918e-05
1958000,1.8170644052354014e-05
1960000,1.8167019891867976e-05
1962000,1.8163392507171824e-05
1964000,1.8159761899697592e-05
1966000,1.8156128070878586e-05
1968000,1.8152491022149388e-05
1970000,1.8148850754945844e-05
1972000,1.814520727070508e-05
1974000,1.814156057086547e-05
1976000,1.8137910656866694e-05
1978000,1.8134257530149667e-05
1980000,1.813060119215659e-05
1982000,1.8126941644330926e-05
1984000,1.8123278888117406e-05
1986000,1.811961292496203e-05
1988000,1.8115943756312057e-05
1990000,1.8112271383616024e-05
1992000,1.8108595808323722e-05
1994000,1.810491703188621e-05
1996000,1.810123505575581e-05
1998000,1.8097549881386108e-05
2000000,1.8093861510231956e-05
2002000,1.809016994374946e-05
2004000,1.8086475183395995e-05
2006000,1.808277723063019e-05
2008000,1.8079076086911945e-05
2010000,1.807537175370241e-05
2012000,1.807166423246399e-05
2014000,1.8067953524660368e-05
2016000,1.806423963175646e-05
2018000,1.806052255521846e-05
2020000,1.805680229651381e-05
2022000,1.8053078857111208e-05
2024000,1.804935223848061e-05
2026000,1.8045622442093223e-05
2028000,1.8041889469421516e-05
2030000,1.8038153321939203e-05
2032000,1.803441400112126e-05
2034000,1.803067150844391e-05
2036000,1.802692584538463e-05
2038000,1.8023177013422153e-05
2040000,1.8019425014036448e-05
2042000,1.8015669848708754e-05
2044000,1.8011911518921545e-05
2046000,1.8008150026158554e-05
2048000,1.8004385371904756e-05
2050000,1.800061755764638e-05
2052000,1.7996846584870896e-05
2054000,1.7993072455067027e-05
2056000,1.798929516972474e-05
2058000,1.7985514730335244e-05
2060000,1.7981731138390997e-05
2062000,1.7977944395385703e-05
2064000,1.797415450281431e-05
2066000,1.7970361462173004e-05
2068000,1.796656527495922e-05
2070000,1.796276594267163e-05
2072000,1.795896346681015e-05
2074000,1.795515784887594e-05
2076000,1.7951349090371398e-05
2078000,1.794753719280016e-05
2080000,1.7943722157667105e-05
2082000,1.7939903986478347e-05
2084000,1.7936082680741237e-05
2086000,1.793225824196437e-05
2088000,1.792843067165757e-05
2090000,1.79245999713319e-05
2092000,1.7920766142499663e-05
2094000,1.7916929186674393e-05
2096000,1.7913089105370864e-05
2098000,1.7909245900105075e-05
2100000,1.790539957239426e-05
2102000,1.7901550123756892e-05
2104000,1.789769755571267e-05
2106000,1.7893841869782535e-05
2108000,1.788998306748864e-05
2110000,1.7886121150354385e-05
2112000,1.788225611990439e-05
2114000,1.7878387977664512e-05
2116000,1.7874516725161827e-05
2118000,1.787064236392465e-05
2120000,1.786676489548251e-05
2122000,1.7862884321366178e-05
2124000,1.785900064310764e-05
2126000,1.7855113862240113e-05
2128000,1.7851223980298032e-05
2130000,1.7847330998817063e-05
2132000,1.7843434919334093e-05
2134000,1.783953574338723e-05
2136000,1.783563347251581e-05
2138000,1.7831728108260393e-05
2140000,1.7827819652162746e-05
2142000,1.782390810576587e-05
2144000,1.7819993470613982e-05
2146000,1.7816075748252516e-05
2148000,1.7812154940228126e-05
2150000,1.7808231048088688e-05
2152000,1.7804304073383288e-05
2154000,1.7800374017662238e-05
2156000,1.779644088247706e-05
2158000,1.7792504669380492e-05
2160000,1.7788565379926493e-05
2162000,1.7784623015670227e-05
2164000,1.7780677578168076e-05
2166000,1.7776729068977645e-05
2168000,1.7772777489657733e-05
2170000,1.7768822841768365e-05
2172000,1.7764865126870774e-05
2174000,1.7760904346527405e-05
2176000,1.7756940502301907e-05
2178000,1.7752973595759147e-05
2180000,1.7749003628465193e-05
2182000,1.7745030601987324e-05
2184000,1.7741054517894036e-05
2186000,1.7737075377755015e-05
2188000,1.773309318314117e-05
2190000,1.7729107935624603e-05
2192000,1.772511963677863e-05
2194000,1.7721128288177768e-05
2196000,1.7717133891397735e-05
2198000,1.7713136448015458e-05
2200000,1.7709135959609063e-05
2202000,1.770513242775788e-05
2204000,1.770112585404244e-05
2206000,1.769711624004448e-05
2208000,1.769310358734692e-05
2210000,1.7689087897533903e-05
2212000,1.7685069172190753e-05
2214000,1.7681047412904002e-05
2216000,1.767702262126138e-05
2218000,1.7672994798851808e-05
2220000,1.7668963947265404e-05
2222000,1.7664930068093483e-05
2224000,1.7660893162928566e-05
2226000,1.7656853233364355e-05
2228000,1.7652810280995742e-05
2230000,1.764876430741883e-05
2232000,1.7644715314230902e-05
2234000,1.7640663303030435e-05
2236000,1.7636608275417105e-05
2238000,1.7632550232991765e-05
2240000,1.762848917735647e-05
2242000,1.762442511011446e-05
2244000,1.7620358032870167e-05
2246000,1.7616287947229207e-05
2248000,1.7612214854798378e-05
2250000,1.7608138757185685e-05
2252000,1.7604059656000296e-05
2254000,1.7599977552852582e-05
2256000,1.759589244935409e-05
2258000,1.7591804347117552e-05
2260000,1.758771324775689e-05
2262000,1.7583619152887205e-05
2264000,1.757952206412478e-05
2266000,1.7575421983087078e-05
2268000,1.7571318911392752e-05
2270000,1.7567212850661622e-05
2272000,1.7563103802514704e-05
2274000,1.755899176857418e-05
2276000,1.7554876750463417e-05
2278000,1.7550758749806958e-05
2280000,1.754663776823053e-05
2282000,1.7542513807361023e-05
2284000,1.7538386868826515e-05
2286000,1.7534256954256258e-05
2288000,1.7530124065280676e-05
2290000,1.7525988203531367e-05
2292000,1.7521849370641102e-05
2294000,1.751770756824383e-05
2296000,1.7513562797974666e-05
2298000,1.7509415061469902e-05
2300000,1.7505264360366994e-05
2302000,1.750111069630458e-05
2304000,1.749695407092246e-05
2306000,1.7492794485861602e-05
2308000,1.7488631942764142e-05
2310000,1.7484466443273387e-05
2312000,1.748029798903381e-05
2314000,1.7476126581691055e-05
2316000,1.7471952222891923e-05
2318000,1.746777491428439e-05
2320000,1.7463594657517586e-05
2322000,1.745941145424181e-05
2324000,1.7455225306108522e-05
2326000,1.7451036214770355e-05
2328000,1.7446844181881092e-05
2330000,1.7442649209095682e-05
2332000,1.7438451298070232e-05
2334000,1.7434250450462015e-05
2336000,1.7430046667929453e-05
2338000,1.7425839952132136e-05
2340000,1.742163030473081e-05
2342000,1.7417417727387375e-05
2344000,1.741320222176489e-05
2346000,1.740898378952757e-05
2348000,1.7404762432340787e-05
2350000,1.7400538151871064e-05
2352000,1.739631094978608e-05
2354000,1.7392080827754665e-05
2356000,1.7387847787446814e-05
2358000,1.7383611830533654e-05
2360000,1.737937295868748e-05
2362000,1.7375131173581724e-05
2364000,1.737088647689098e-05
2366000,1.7366638870290986e-05
2368000,1.7362388355458636e-05
2370000,1.7358134934071958e-05
2372000,1.735387860781014e-05
2374000,1.734961937835351e-05
2376000,1.7345357247383542e-05
2378000,1.7341092216582862e-05
2380000,1.7336824287635237e-05
2382000,1.733255346222558e-05
2384000,1.7328279742039934e-05
2386000,1.732400312876551e-05
2388000,1.7319723624090636e-05
2390000,1.7315441229704797e-05
2392000,1.7311155947298617e-05
2394000,1.7306867778563857e-05
2396000,1.7302576725193414e-05
2398000,1.729828278888133e-05
2400000,1.7293985971322784e-05
2402000,1.7289686274214092e-05
2404000,1.7285383699252707e-05
2406000,1.728107824813721e-05
2408000,1.7276769922567336e-05
2410000,1.7272458724243934e-05
2412000,1.7268144654869004e-05
2414000,1.726382771614567e-05
2416000,1.725950790977819e-05
2418000,1.7255185237471954e-05
2420000,1.7250859700933485e-05
2422000,1.7246531301870443e-05
2424000,1.7242200041991603e-05
2426000,1.723786592300688e-05
2428000,1.723352894662732e-05
2430000,1.7229189114565083e-05
2432000,1.7224846428533474e-05
2434000,1.7220500890246917e-05
2436000,1.7216152501420955e-05
2438000,1.721180126377227e-05
2440000,1.7207447179018658e-05
2442000,1.720309024887904e-05
2444000,1.7198730475073472e-05
2446000,1.7194367859323116e-05
2448000,1.7190002403350268e-05
2450000,1.718563410887834e-05
2452000,1.7181262977631862e-05
2454000,1.7176889011336487e-05
2456000,1.7172512211718994e-05
2458000,1.716813258050727e-05
2460000,1.7163750119430324e-05
2462000,1.715936483021828e-05
2464000,1.7154976714602387e-05
2466000,1.7150585774315e-05
2468000,1.7146192011089593e-05
2470000,1.7141795426660754e-05
2472000,1.7137396022764182e-05
2474000,1.71329938011367e-05
2476000,1.7128588763516225e-05
2478000,1.7124180911641805e-05
2480000,1.7119770247253582e-05
2482000,1.7115356772092824e-05
2484000,1.7110940487901896e-05
2486000,1.710652139642428e-05
2488000,1.7102099499404565e-05
2490000,1.7097674798588442e-05
2492000,1.709324729572271e-05
2494000,1.7088816992555283e-05
2496000,1.7084383890835175e-05
2498000,1.7079947992312502e-05
2500000,1.7075509298738482e-05
2502000,1.7071067811865447e-05
2504000,1.7066623533446825e-05
2506000,1.7062176465237144e-05
2508000,1.705772660899204e-05
2510000,1.7053273966468243e-05
2512000,1.7048818539423586e-05
2514000,1.7044360329617003e-05
2516000,1.703989933880852e-05
2518000,1.7035435568759272e-05
2520000,1.703096902123148e-05
2522000,1.7026499697988465e-05
2524000,1.7022027600794646e-05
2526000,1.7017552731415545e-05
2528000,1.7013075091617757e-05
2530000,1.7008594683168988e-05
2532000,1.7004111507838036e-05
2534000,1.699962556739478e-05
2536000,1.699513686361021e-05
2538000,1.6990645398256382e-05
2540000,1.6986151173106463e-05
2542000,1.69816541899347e-05
2544000,1.697715445051643e-05
2546000,1.6972651956628077e-05
2548000,1.6968146710047164e-05
2550000,1.6963638712552283e-05
2552000,1.6959127965923114e-05
2554000,1.6954614471940443e-05
2556000,1.6950098232386115e-05
2558000,1.6945579249043074e-05
2560000,1.6941057523695343e-05
2562000,1.6936533058128022e-05
2564000,1.6932005854127306e-05
2566000,1.692747591348046e-05
2568000,1.6922943237975836e-05
2570000,1.6918407829402857e-05
2572000,1.6913869689552036e-05
2574000,1.6909328820214957e-05
2576000,1.690478522318428e-05
2578000,1.6900238900253747e-05
2580000,1.6895689853218176e-05
2582000,1.689113808387346e-05
2584000,1.6886583594016558e-05
2586000,1.688202638544552e-05
2588000,1.6877466459959452e-05
2590000,1.6872903819358545e-05
2592000,1.686833846544406e-05
2594000,1.6863770400018317e-05
2596000,1.6859199624884723e-05
2598000,1.6854626141847743e-05
2600000,1.6850049952712922e-05
2602000,1.6845471059286862e-05
2604000,1.6840889463377238e-05
2606000,1.6836305166792795e-05
2608000,1.683171817134334e-05
2610000,1.6827128478839743e-05
2612000,1.682253609109394e-05
2614000,1.6817941009918938e-05
2616000,1.6813343237128803e-05
2618000,1.680874277453866e-05
2620000,1.68041396239647e-05
2622000,1.6799533787224172e-05
2624000,1.679492526613539e-05
2626000,1.6790314062517722e-05
2628000,1.67857001781916e-05
2630000,1.678108361497851e-05
2632000,1.6776464374701005e-05
2634000,1.677184245918268e-05
2636000,1.6767217870248197e-05
2638000,1.6762590609723274e-05
2640000,1.6757960679434677e-05
2642000,1.6753328081210227e-05
2644000,1.6748692816878804e-05
2646000,1.6744054888270335e-05
2648000,1.6739414297215804e-05
2650000,1.6734771045547237e-05
2652000,1.673012513509772e-05
2654000,1.6725476567701382e-05
2656000,1.6720825345193403e-05
2658000,1.6716171469410025e-05
2660000,1.671151494218851e-05
2662000,1.6706855765367185e-05
2664000,1.6702193940785422e-05
2666000,1.669752947028363e-05
2668000,1.6692862355703273e-05
2670000,1.668819259888685e-05
2672000,1.6683520201677913e-05
2674000,1.6678845165921046e-05
2676000,1.667416749346188e-05
2678000,1.6669487186147086e-05
2680000,1.6664804245824375e-05
2682000,1.66601186743425e-05
2684000,1.6655430473551244e-05
2686000,1.6650739645301442e-05
2688000,1.6646046191444956e-05
2690000,1.6641350113834685e-05
2692000,1.663665141432457e-05
2694000,1.663195009476958e-05
2696000,1.662724615702572e-05
2698000,1.6622539602950038e-05
2700000,1.6617830434400594e-05
2702000,1.6613118653236506e-05
2704000,1.6608404261317904e-05
2706000,1.6603687260505958e-05
2708000,1.659896765266286e-05
2710000,1.6594245439651842e-05
2712000,1.658952062333716e-05
2714000,1.658479320558409e-05
2716000,1.6580063188258947e-05
2718000,1.657533057322906e-05
2720000,1.6570595362362806e-05
2722000,1.6565857557529557e-05
2724000,1.6561117160599723e-05
2726000,1.6556374173444746e-05
2728000,1.655162859793708e-05
2730000,1.65468804359502e-05
2732000,1.6542129689358606e-05
2734000,1.6537376360037815e-05
2736000,1.653262044986437e-05
2738000,1.652786196071583e-05
2740000,1.6523100894470768e-05
2742000,1.651833725300878e-05
2744000,1.6513571038210474e-05
2746000,1.6508802251957478e-05
2748000,1.6504030896132434e-05
2750000,1.649925697261899e-05
2752000,1.649448048330183e-05
2754000,1.648970143006662e-05
2756000,1.6484919814800065e-05
2758000,1.6480135639389868e-05
2760000,1.6475348905724747e-05
2762000,1.647055961569443e-05
2764000,1.6465767771189648e-05
2766000,1.646097337410215e-05
2768000,1.6456176426324684e-05
2770000,1.6451376929751014e-05
2772000,1.64465748862759e-05
2774000,1.6441770297795117e-05
2776000,1.6436963166205433e-05
2778000,1.6432153493404637e-05
2780000,1.6427341281291507e-05
2782000,1.6422526531765826e-05
2784000,1.6417709246728383e-05
2786000,1.641288942808097e-05
2788000,1.6408067077726375e-05
2790000,1.6403242197568376e-05
2792000,1.6398414789511767e-05
2794000,1.6393584855462332e-05
2796000,1.6388752397326852e-05
2798000,1.63839174170131e-05
2800000,1.6379079916429855e-05
2802000,1.6374239897486885e-05
2804000,1.636939736209495e-05
2806000,1.6364552312165808e-05
2808000,1.635970474961221e-05
2810000,1.6354854676347893e-05
2812000,1.6350002094287594e-05
2814000,1.634514700534703e-05
2816000,1.6340289411442917e-05
2818000,1.6335429314492958e-05
2820000,1.6330566716415835e-05
2822000,1.6325701619131233e-05
2824000,1.632083402455981e-05
2826000,1.6315963934623215e-05
2828000,1.6311091351244084e-05
2830000,1.630621627634604e-05
2832000,1.630133871185368e-05
2834000,1.6296458659692587e-05
2836000,1.6291576121789334e-05
2838000,1.6286691100071467e-05
2840000,1.6281803596467515e-05
2842000,1.627691361290699e-05
2844000,1.627202115132038e-05
2846000,1.6267126213639148e-05
2848000,1.6262228801795735e-05
2850000,1.6257328917723567e-05
2852000,1.625242656335704e-05
2854000,1.6247521740631525e-05
2856000,1.6242614451483368e-05
2858000,1.6237704697849893e-05
2860000,1.6232792481669385e-05
2862000,1.6227877804881116e-05
2864000,1.6222960669425318e-05
2866000,1.62180410772432e-05
2868000,1.6213119030276943e-05
2870000,1.620819453046969e-05
2872000,1.6203267579765552e-05
2874000,1.6198338180109614e-05
2876000,1.6193406333447926e-05
2878000,1.6188472041727502e-05
2880000,1.6183535306896324e-05
2882000,1.617859613090333e-05
2884000,1.617365451569844e-05
2886000,1.616871046323252e-05
2888000,1.6163763975457397e-05
2890000,1.6158815054325877e-05
2892000,1.6153863701791706e-05
2894000,1.6148909919809603e-05
2896000,1.6143953710335248e-05
2898000,1.6138995075325267e-05
2900000,1.6134034016737254e-05
2902000,1.6129070536529757e-05
2904000,1.6124104636662277e-05
2906000,1.6119136319095273e-05
2908000,1.6114165585790158e-05
2910000,1.6109192438709297e-05
2912000,1.6104216879816017e-05
2914000,1.609923891107458e-05
2916000,1.6094258534450218e-05
2918000,1.60892757519091e-05
2920000,1.6084290565418352e-05
2922000,1.6079302976946042e-05
2924000,1.6074312988461197e-05
2926000,1.606932060193378e-05
2928000,1.6064325819334712e-05
2930000,1.605932864263585e-05
2932000,1.6054329073810003e-05
2934000,1.6049327114830918e-05
2936000,1.604432276767329e-05
2938000,1.6039316034312757e-05
2940000,1.60343069167259e-05
2942000,1.6029295416890235e-05
2944000,1.6024281536784223e-05
2946000,1.601926527838727e-05
2948000,1.601424664367971e-05
2950000,1.600922563464282e-05
2952000,1.6004202253258823e-05
2954000,1.5999176501510863e-05
2956000,1.5994148381383027e-05
2958000,1.598911789486034e-05
2960000,1.598408504392876e-05
2962000,1.597904983057517e-05
2964000,1.59740122567874e-05
2966000,1.5968972324554198e-05
2968000,1.5963930035865256e-05
2970000,1.5958885392711183e-05
2972000,1.595383839708353e-05
2974000,1.594878905097477e-05
2976000,1.59437373563783e-05
2978000,1.5938683315288452e-05
2980000,1.5933626929700484e-05
2982000,1.5928568201610573e-05
2984000,1.5923507133015825e-05
2986000,1.5918443725914274e-05
2988000,1.591337798230487e-05
2990000,1.590830990418749e-05
2992000,1.5903239493562928e-05
2994000,1.58981667524329e-05
2996000,1.589309168280005e-05
2998000,1.5888014286667933e-05
3000000,1.5882934566041022e-05
3002000,1.5877852522924712e-05
3004000,1.5872768159325312e-05
3006000,1.5867681477250054e-05
3008000,1.586259247870707e-05
3010000,1.5857501165705426e-05
3012000,1.5852407540255086e-05
3014000,1.5847311604366932e-05
3016000,1.5842213360052758e-05
3018000,1.5837112809325274e-05
3020000,1.5832009954198094e-05
3022000,1.5826904796685746e-05
3024000,1.5821797338803665e-05
3026000,1.5816687582568192e-05
3028000,1.5811575529996583e-05
3030000,1.5806461183106993e-05
3032000,1.580134454391848e-05
3034000,1.5796225614451023e-05
3036000,1.5791104396725485e-05
3038000,1.5785980892763642e-05
3040000,1.5780855104588176e-05
3042000,1.5775727034222668e-05
3044000,1.5770596683691595e-05
3046000,1.576546405502034e-05
3048000,1.5760329150235183e-05
3050000,1.5755191971363306e-05
3052000,1.575005252043278e-05
3054000,1.5744910799472582e-05
3056000,1.573976681051258e-05
3058000,1.5734620555583545e-05
3060000,1.5729472036717133e-05
3062000,1.57243212559459e-05
3064000,1.571916821530329e-05
3066000,1.5714012916823643e-05
3068000,1.5708855362542185e-05
3070000,1.570369555449504e-05
3072000,1.5698533494719224e-05
3074000,1.569336918525263e-05
3076000,1.568820262813405e-05
3078000,1.5683033825403154e-05
3080000,1.5677862779100506e-05
3082000,1.5672689491267552e-05
3084000,1.5667513963946626e-05
3086000,1.5662336199180942e-05
3088000,1.5657156199014602e-05
3090000,1.5651973965492583e-05
3092000,1.5646789500660755e-05
3094000,1.564160280656586e-05
3096000,1.5636413885255523e-05
3098000,1.5631222738778244e-05
3100000,1.5626029369183415e-05
3102000,1.5620833778521285e-05
3104000,1.5615635968843e-05
3106000,1.561043594220057e-05
3108000,1.5605233700646878e-05
3110000,1.5600029246235692e-05
3112000,1.559482258102165e-05
3114000,1.5589613707060254e-05
3116000,1.5584402626407893e-05
3118000,1.557918934112181e-05
3120000,1.5573973853260133e-05
3122000,1.5568756164881857e-05
3124000,1.5563536278046838e-05
3126000,1.5558314194815804e-05
3128000,1.5553089917250354e-05
3130000,1.554786344741295e-05
3132000,1.554263478736692e-05
3134000,1.553740393917645e-05
3136000,1.55321709049066e-05
3138000,1.5526935686623292e-05
3140000,1.5521698286393307e-05
3142000,1.551645870628428e-05
3144000,1.551121694836472e-05
3146000,1.5505973014703994e-05
3148000,1.5500726907372315e-05
3150000,1.549547862844077e-05
3152000,1.5490228179981297e-05
3154000,1.5484975564066683e-05
3156000,1.5479720782770585e-05
3158000,1.5474463838167502e-05
3160000,1.5469204732332796e-05
3162000,1.5463943467342674e-05
3164000,1.5458680045274203e-05
3166000,1.54534144682053e-05
3168000,1.544814673821473e-05
3170000,1.5442876857382113e-05
3172000,1.543760482778791e-05
3174000,1.5432330651513433e-05
3176000,1.542705433064085e-05
3178000,1.5421775867253162e-05
3180000,1.541649526343423e-05
3182000,1.5411212521268743e-05
3184000,1.5405927642842253e-05
3186000,1.5400640630241145e-05
3188000,1.5395351485552643e-05
3190000,1.5390060210864818e-05
3192000,1.5384766808266586e-05
3194000,1.5379471279847697e-05
3196000,1.537417362769874e-05
3198000,1.536887385391115e-05
3200000,1.5363571960577186e-05
3202000,1.535826794978995e-05
3204000,1.5352961823643393e-05
3206000,1.534765358423228e-05
3208000,1.534234323365222e-05
3210000,1.533703077399966e-05
3212000,1.5331716207371875e-05
3214000,1.5326399535866965e-05
3216000,1.5321080761583874e-05
3218000,1.5315759886622367e-05
3220000,1.5310436913083045e-05
3222000,1.530511184306733e-05
3224000,1.5299784678677473e-05
3226000,1.5294455422016562e-05
3228000,1.5289124075188497e-05
3230000,1.5283790640298006e-05
3232000,1.5278455119450653e-05
3234000,1.5273117514752813e-05
3236000,1.526777782831169e-05
3238000,1.5262436062235305e-05
3240000,1.5257092218632502e-05
3242000,1.5251746299612949e-05
3244000,1.5246398307287127e-05
3246000,1.524104824376634e-05
3248000,1.5235696111162711e-05
3250000,1.5230341911589171e-05
3252000,1.5224985647159479e-05
3254000,1.5219627319988203e-05
3256000,1.5214266932190722e-05
3258000,1.5208904485883235e-05
3260000,1.520353998318275e-05
3262000,1.5198173426207085e-05
3264000,1.519280481707488e-05
3266000,1.5187434157905567e-05
3268000,1.5182061450819405e-05
3270000,1.5176686697937445e-05
3272000,1.5171309901381562e-05
3274000,1.5165931063274432e-05
3276000,1.5160550185739526e-05
3278000,1.5155167270901133e-05
3280000,1.5149782320884343e-05
3282000,1.5144395337815057e-05
3284000,1.5139006323819957e-05
3286000,1.513361528102655e-05
3288000,1.5128222211563128e-05
3290000,1.5122827117558794e-05
3292000,1.5117430001143443e-05
3294000,1.5112030864447771e-05
3296000,1.5106629709603273e-05
3298000,1.5101226538742241e-05
3300000,1.5095821353997755e-05
3302000,1.5090414157503703e-05
3304000,1.5085004951394758e-05
3306000,1.5079593737806392e-05
3308000,1.507418051887486e-05
3310000,1.5068765296737222e-05
3312000,1.5063348073531316e-05
3314000,1.505792885139578e-05
3316000,1.5052507632470035e-05
3318000,1.5047084418894291e-05
3320000,1.5041659212809552e-05
3322000,1.50362320163576e-05
3324000,1.5030802831681004e-05
3326000,1.5025371660923125e-05
3328000,1.50199385062281e-05
3330000,1.501450336974085e-05
3332000,1.5009066253607087e-05
3334000,1.5003627159973296e-05
3336000,1.4998186090986746e-05
3338000,1.499274304879548e-05
3340000,1.4987298035548327e-05
3342000,1.4981851053394894e-05
3344000,1.4976402104485564e-05
3346000,1.4970951190971495e-05
3348000,1.4965498315004618e-05
3350000,1.4960043478737645e-05
3352000,1.4954586684324062e-05
3354000,1.4949127933918119e-05
3356000,1.4943667229674846e-05
3358000,1.4938204573750045e-05
3360000,1.4932739968300288e-05
3362000,1.4927273415482905e-05
3364000,1.4921804917456011e-05
3366000,1.4916334476378485e-05
3368000,1.4910862094409965e-05
3370000,1.4905387773710864e-05
3372000,1.4899911516442355e-05
3374000,1.4894433324766382e-05
3376000,1.4888953200845644e-05
3378000,1.4883471146843608e-05
3380000,1.4877987164924501e-05
3382000,1.4872501257253315e-05
3384000,1.4867013425995796e-05
3386000,1.486152367331846e-05
3388000,1.4856032001388564e-05
3390000,1.4850538412374142e-05
3392000,1.4845042908443974e-05
3394000,1.483954549176759e-05
3396000,1.4834046164515298e-05
3398000,1.4828544928858132e-05
3400000,1.4823041786967897e-05
3402000,1.4817536741017145e-05
3404000,1.4812029793179186e-05
3406000,1.4806520945628071e-05
3408000,1.4801010200538608e-05
3410000,1.479549756008635e-05
3412000,1.4789983026447603e-05
3414000,1.4784466601799417e-05
3416000,1.4778948288319585e-05
3418000,1.4773428088186653e-05
3420000,1.4767906003579911e-05
3422000,1.4762382036679383e-05
3424000,1.4756856189665853e-05
3426000,1.475132846472083e-05
3428000,1.4745798864026578e-05
3430000,1.4740267389766092e-05
3432000,1.4734734044123111e-05
3434000,1.4729198829282114e-05
3436000,1.472366174742832e-05
3438000,1.4718122800747673e-05
3440000,1.471258199142686e-05
3442000,1.4707039321653316e-05
3444000,1.4701494793615192e-05
3446000,1.469594840950138e-05
3448000,1.4690400171501504e-05
3450000,1.4684850081805922e-05
3452000,1.4679298142605725e-05
3454000,1.4673744356092726e-05
3456000,1.4668188724459469e-05
3458000,1.4662631249899237e-05
3460000,1.4657071934606028e-05
3462000,1.4651510780774573e-05
3464000,1.4645947790600328e-05
3466000,1.4640382966279474e-05
3468000,1.4634816310008915e-05
3470000,1.4629247823986274e-05
3472000,1.4623677510409905e-05
3474000,1.4618105371478886e-05
3476000,1.4612531409392996e-05
3478000,1.4606955626352758e-05
3480000,1.4601378024559399e-05
3482000,1.4595798606214868e-05
3484000,1.4590217373521829e-05
3486000,1.4584634328683667e-05
3488000,1.4579049473904476e-05
3490000,1.4573462811389075e-05
3492000,1.4567874343342981e-05
3494000,1.456228407197244e-05
3496000,1.45566919994844e-05
3498000,1.4551098128086525e-05
3500000,1.454550245998718e-05
3502000,1.4539904997395453e-05
3504000,1.4534305742521133e-05
3506000,1.4528704697574712e-05
3508000,1.4523101864767397e-05
3510000,1.4517497246311099e-05
3512000,1.4511890844418436e-05
3514000,1.450628266130272e-05
3516000,1.4500672699177971e-05
3518000,1.4495060960258923e-05
3520000,1.4489447446760995e-05
3522000,1.448383216090031e-05
3524000,1.4478215104893701e-05
3526000,1.4472596280958687e-05
3528000,1.4466975691313496e-05
3530000,1.4461353338177047e-05
3532000,1.4455729223768951e-05
3534000,1.4450103350309524e-05
3536000,1.4444475720019771e-05
3538000,1.4438846335121388e-05
3540000,1.4433215197836771e-05
3542000,1.4427582310389003e-05
3544000,1.4421947675001859e-05
3546000,1.4416311293899802e-05
3548000,1.4410673169307985e-05
3550000,1.4405033303452256e-05
3552000,1.439939169855914e-05
3554000,1.4393748356855852e-05
3556000,1.4388103280570301e-05
3558000,1.4382456471931067e-05
3560000,1.4376807933167423e-05
3562000,1.437115766650932e-05
3564000,1.4365505674187398e-05
3566000,1.4359851958432973e-05
3568000,1.4354196521478038e-05
3570000,1.4348539365555274e-05
3572000,1.4342880492898038e-05
3574000,1.4337219905740365e-05
3576000,1.4331557606316955e-05
3578000,1.4325893596863203e-05
3580000,1.4320227879615168e-05
3582000,1.4314560456809585e-05
3584000,1.4308891330683863e-05
3586000,1.4303220503476083e-05
3588000,1.4297547977425e-05
3590000,1.4291873754770035e-05
3592000,1.428619783775128e-05
3594000,1.4280520228609496e-05
3596000,1.427484092958612e-05
3598000,1.4269159942923247e-05
3600000,1.4263477270863637e-05
3602000,1.4257792915650721e-05
3604000,1.4252106879528594e-05
3606000,1.424641916474201e-05
3608000,1.4240729773536388e-05
3610000,1.4235038708157814e-05
3612000,1.4229345970853029e-05
3614000,1.422365156386943e-05
3616000,1.4217955489455084e-05
3618000,1.4212257749858714e-05
3620000,1.4206558347329693e-05
3622000,1.4200857284118056e-05
3624000,1.4195154562474489e-05
3626000,1.418945018465034e-05
3628000,1.4183744152897612e-05
3630000,1.4178036469468943e-05
3632000,1.4172327136617646e-05
3634000,1.4166616156597674e-05
3636000,1.4160903531663628e-05
3638000,1.4155189264070764e-05
3640000,1.4149473356074984e-05
3642000,1.4143755809932838e-05
3644000,1.4138036627901522e-05
3646000,1.4132315812238878e-05
3648000,1.4126593365203397e-05
3650000,1.4120869289054206e-05
3652000,1.4115143586051086e-05
3654000,1.4109416258454444e-05
3656000,1.4103687308525347e-05
3658000,1.409795673852549e-05
3660000,1.4092224550717211e-05
3662000,1.4086490747363489e-05
3664000,1.4080755330727934e-05
3666000,1.4075018303074806e-05
3668000,1.4069279666668986e-05
3670000,1.4063539423775994e-05
3672000,1.4057797576661997e-05
3674000,1.405205412759378e-05
3676000,1.4046309078838763e-05
3678000,1.4040562432665002e-05
3680000,1.4034814191341185e-05
3682000,1.4029064357136623e-05
3684000,1.4023312932321262e-05
3686000,1.401755991916567e-05
3688000,1.4011805319941052e-05
3690000,1.4006049136919227e-05
3692000,1.4000291372372644e-05
3694000,1.3994532028574383e-05
3696000,1.3988771107798137e-05
3698000,1.3983008612318227e-05
3700000,1.3977244544409596e-05
3702000,1.3971478906347803e-05
3704000,1.396571170040904e-05
3706000,1.39599429288701e-05
3708000,1.3954172594008401e-05
3710000,1.3948400698101989e-05
3712000,1.3942627243429508e-05
3714000,1.3936852232270233e-05
3716000,1.3931075666904043e-05
3718000,1.3925297549611435e-05
3720000,1.391951788267352e-05
3722000,1.3913736668372022e-05
3724000,1.3907953908989263e-05
3726000,1.3902169606808194e-05
3728000,1.3896383764112364e-05
3730000,1.3890596383185926e-05
3732000,1.3884807466313656e-05
3734000,1.3879017015780917e-05
3736000,1.3873225033873698e-05
3738000,1.3867431522878573e-05
3740000,1.386163648508273e-05
3742000,1.3855839922773961e-05
3744000,1.3850041838240656e-05
3746000,1.3844242233771803e-05
3748000,1.3838441111656996e-05
3750000,1.3832638474186434e-05
3752000,1.3826834323650895e-05
3754000,1.382102866234177e-05
3756000,1.3815221492551043e-05
3758000,1.3809412816571293e-05
3760000,1.3803602636695695e-05
3762000,1.3797790955218009e-05
3764000,1.37919777744326e-05
3766000,1.3786163096634422e-05
3768000,1.378034692411901e-05
3770000,1.3774529259182503e-05
3772000,1.3768710104121623e-05
3774000,1.376288946123368e-05
3776000,1.3757067332816569e-05
3778000,1.3751243721168775e-05
3780000,1.3745418628589367e-05
3782000,1.3739592057378005e-05
3784000,1.3733764009834917e-05
3786000,1.3727934488260932e-05
3788000,1.372210349495745e-05
3790000,1.3716271032226454e-05
3792000,1.3710437102370506e-05
3794000,1.3704601707692756e-05
3796000,1.369876485049692e-05
3798000,1.3692926533087299e-05
3800000,1.3687086757768766e-05
3802000,1.3681245526846773e-05
3804000,1.367540284262735e-05
3806000,1.3669558707417086e-05
3808000,1.3663713123523164e-05
3810000,1.365786609325332e-05
3812000,1.3652017618915874e-05
3814000,1.3646167702819706e-05
3816000,1.3640316347274277e-05
3818000,1.3634463554589601e-05
3820000,1.3628609327076277e-05
3822000,1.3622753667045452e-05
3824000,1.3616896576808853e-05
3826000,1.361103805867877e-05
3828000,1.3605178114968047e-05
3830000,1.3599316747990099e-05
3832000,1.3593453960058902e-05
3834000,1.3587589753488992e-05
3836000,1.3581724130595458e-05
3838000,1.3575857093693966e-05
3840000,1.356998864510072e-05
3842000,1.35641187871325e-05
3844000,1.3558247522106626e-05
3846000,1.355237485234098e-05
3848000,1.3546500780154006e-05
3850000,1.3540625307864684e-05
3852000,1.3534748437792566e-05
3854000,1.3528870172257743e-05
3856000,1.352299051358086e-05
3858000,1.351710946408312e-05
3860000,1.3511227026086264e-05
3862000,1.3505343201912582e-05
3864000,1.349945799388492e-05
3866000,1.3493571404326662e-05
3868000,1.348768343556174e-05
3870000,1.3481794089914632e-05
3872000,1.3475903369710358e-05
3874000,1.3470011277274485e-05
3876000,1.3464117814933111e-05
3878000,1.3458222985012886e-05
3880000,1.3452326789840992e-05
3882000,1.344642923174516e-05
3884000,1.3440530313053643e-05
3886000,1.3434630036095247e-05
3888000,1.3428728403199313e-05
3890000,1.34228254166957e-05
3892000,1.3416921078914822e-05
3894000,1.3411015392187614e-05
3896000,1.340510835884555e-05
3898000,1.3399199981220635e-05
3900000,1.3393290261645396e-05
3902000,1.33873792024529e-05
3904000,1.3381466805976746e-05
3906000,1.3375553074551047e-05
3908000,1.3369638010510451e-05
3910000,1.3363721616190133e-05
3912000,1.3357803893925793e-05
3914000,1.3351884846053655e-05
3916000,1.3345964474910462e-05
3918000,1.3340042782833484e-05
3920000,1.3334119772160512e-05
3922000,1.3328195445229853e-05
3924000,1.3322269804380342e-05
3926000,1.331634285195133e-05
3928000,1.3310414590282677e-05
3930000,1.3304485021714772e-05
3932000,1.3298554148588514e-05
3934000,1.329262197324532e-05
3936000,1.3286688498027112e-05
3938000,1.3280753725276337e-05
3940000,1.3274817657335946e-05
3942000,1.3268880296549414e-05
3944000,1.3262941645260704e-05
3946000,1.3257001705814306e-05
3948000,1.325106048055522e-05
3950000,1.324511797182894e-05
3952000,1.3239174181981479e-05
3954000,1.3233229113359351e-05
3956000,1.322728276830957e-05
3958000,1.3221335149179669e-05
3960000,1.321538625831766e-05
3962000,1.320943609807208e-05
3964000,1.3203484670791957e-05
3966000,1.319753197882682e-05
3968000,1.3191578024526697e-05
3970000,1.3185622810242113e-05
3972000,1.3179666338324098e-05
3974000,1.3173708611124164e-05
3976000,1.3167749630994333e-05
3978000,1.3161789400287115e-05
3980000,1.3155827921355517e-05
3982000,1.3149865196553033e-05
3984000,1.3143901228233657e-05
3986000,1.3137936018751861e-05
3988000,1.3131969570462622e-05
3990000,1.3126001885721398e-05
3992000,1.3120032966884136e-05
3994000,1.3114062816307267e-05
3996000,1.310809143634772e-05
3998000,1.3102118829362897e-05
4000000,1.3096144997710685e-05
4002000,1.3090169943749462e-05
4004000,1.3084193669838085e-05
4006000,1.3078216178335889e-05
4008000,1.3072237471602698e-05
4010000,1.3066257551998806e-05
4012000,1.3060276421884995e-05
4014000,1.3054294083622518e-05
4016000,1.3048310539573102e-05
4018000,1.3042325792098966e-05
4020000,1.3036339843562788e-05
4022000,1.3030352696327722e-05
4024000,1.3024364352757408e-05
4026000,1.3018374815215945e-05
4028000,1.3012384086067903e-05
4030000,1.3006392167678333e-05
4032000,1.3000399062412746e-05
4034000,1.2994404772637128e-05
4036000,1.2988409300717928e-05
4038000,1.2982412649022061e-05
4040000,1.2976414819916912e-05
4042000,1.2970415815770335e-05
4044000,1.296441563895063e-05
4046000,1.2958414291826584e-05
4048000,1.2952411776767424e-05
4050000,1.294640809614285e-05
4052000,1.2940403252323025e-05
4054000,1.2934397247678559e-05
4056000,1.2928390084580537e-05
4058000,1.2922381765400484e-05
4060000,1.291637229251039e-05
4062000,1.2910361668282703e-05
4064000,1.2904349895090322e-05
4066000,1.2898336975306595e-05
4068000,1.2892322911305335e-05
4070000,1.2886307705460792e-05
4072000,1.2880291360147679e-05
4074000,1.287427387774115e-05
4076000,1.2868255260616815e-05
4078000,1.2862235511150727e-05
4080000,1.285621463171939e-05
4082000,1.2850192624699747e-05
4084000,1.2844169492469194e-05
4086000,1.2838145237405573e-05
4088000,1.2832119861887155e-05
4090000,1.282609336829267e-05
4092000,1.2820065759001278e-05
4094000,1.2814037036392587e-05
4096000,1.2808007202846643e-05
4098000,1.2801976260743922e-05
4100000,1.2795944212465348e-05
4102000,1.278991106039228e-05
4104000,1.2783876806906509e-05
4106000,1.2777841454390257e-05
4108000,1.2771805005226197e-05
4110000,1.276576746179742e-05
4112000,1.2759728826487447e-05
4114000,1.2753689101680238e-05
4116000,1.274764828976018e-05
4118000,1.2741606393112097e-05
4120000,1.2735563414121226e-05
4122000,1.2729519355173238e-05
4124000,1.272347421865424e-05
4126000,1.2717428006950752e-05
4128000,1.2711380722449722e-05
4130000,1.2705332367538524e-05
4132000,1.2699282944604947e-05
4134000,1.269323245603722e-05
4136000,1.2687180904223966e-05
4138000,1.2681128291554249e-05
4140000,1.2675074620417545e-05
4142000,1.2669019893203745e-05
4144000,1.2662964112303157e-05
4146000,1.2656907280106513e-05
4148000,1.2650849399004951e-05
4150000,1.2644790471390031e-05
4152000,1.2638730499653718e-05
4154000,1.263266948618839e-05
4156000,1.2626607433386843e-05
4158000,1.262054434364228e-05
4160000,1.2614480219348309e-05
4162000,1.2608415062898956e-05
4164000,1.2602348876688647e-05
4166000,1.259628166311221e-05
4168000,1.2590213424564893e-05
4170000,1.2584144163442335e-05
4172000,1.2578073882140588e-05
4174000,1.2572002583056101e-05
4176000,1.2565930268585726e-05
4178000,1.2559856941126718e-05
4180000,1.2553782603076729e-05
4182000,1.2547707256833811e-05
4184000,1.2541630904796419e-05
4186000,1.2535553549363393e-05
4188000,1.2529475192933984e-05
4190000,1.252339583790783e-05
4192000,1.2517315486684957e-05
4194000,1.2511234141665802e-05
4196000,1.2505151805251178e-05
4198000,1.2499068479842292e-05
4200000,1.2492984167840747e-05
4202000,1.2486898871648535e-05
4204000,1.2480812593668036e-05
4206000,1.2474725336302014e-05
4208000,1.2468637101953618e-05
4210000,1.246254789302639e-05
4212000,1.2456457711924254e-05
4214000,1.2450366561051513e-05
4216000,1.2444274442812861e-05
4218000,1.2438181359613376e-05
4220000,1.2432087313858494e-05
4222000,1.2425992307954063e-05
4224000,1.2419896344306288e-05
4226000,1.2413799425321762e-05
4228000,1.2407701553407447e-05
4230000,1.2401602730970689e-05
4232000,1.2395502960419208e-05
4234000,1.2389402244161097e-05
4236000,1.2383300584604817e-05
4238000,1.2377197984159212e-05
4240000,1.2371094445233493e-05
4242000,1.2364989970237238e-05
4244000,1.2358884561580395e-05
4246000,1.2352778221673282e-05
4248000,1.2346670952926593e-05
4250000,1.2340562757751375e-05
4252000,1.2334453638559045e-05
4254000,1.232834359776139e-05
4256000,1.2322232637770554e-05
4258000,1.2316120760999054e-05
4260000,1.2310007969859755e-05
4262000,1.2303894266765894e-05
4264000,1.2297779654131063e-05
4266000,1.2291664134369217e-05
4268000,1.2285547709894659e-05
4270000,1.2279430383122062e-05
4272000,1.2273312156466455e-05
4274000,1.2267193032343205e-05
4276000,1.226107301316805e-05
4278000,1.2254952101357083e-05
4280000,1.2248830299326735e-05
4282000,1.22427076094938e-05
4284000,1.2236584034275419e-05
4286000,1.223045957608908e-05
4288000,1.2224334237352629e-05
4290000,1.2218208020484241e-05
4292000,1.2212080927902459e-05
4294000,1.2205952962026159e-05
4296000,1.2199824125274566e-05
4298000,1.2193694420067245e-05
4300000,1.2187563848824114e-05
4302000,1.2181432413965416e-05
4304000,1.2175300117911747e-05
4306000,1.2169166963084044e-05
4308000,1.2163032951903572e-05
4310000,1.2156898086791953e-05
4312000,1.2150762370171125e-05
4314000,1.2144625804463373e-05
4316000,1.213848839209132e-05
4318000,1.2132350135477916e-05
4320000,1.2126211037046449e-05
4322000,1.2120071099220538e-05
4324000,1.2113930324424127e-05
4326000,1.210778871508151e-05
4328000,1.2101646273617287e-05
4330000,1.2095503002456395e-05
4332000,1.2089358904024107e-05
4334000,1.2083213980746014e-05
4336000,1.2077068235048032e-05
4338000,1.2070921669356405e-05
4340000,1.2064774286097696e-05
4342000,1.2058626087698804e-05
4344000,1.2052477076586932e-05
4346000,1.2046327255189616e-05
4348000,1.204017662593471e-05
4350000,1.203402519125038e-05
4352000,1.2027872953565115e-05
4354000,1.2021719915307725e-05
4356000,1.2015566078907336e-05
4358000,1.2009411446793372e-05
4360000,1.2003256021395594e-05
4362000,1.1997099805144062e-05
4364000,1.199094280046916e-05
4366000,1.1984785009801569e-05
4368000,1.1978626435572284e-05
4370000,1.1972467080212622e-05
4372000,1.1966306946154195e-05
4374000,1.1960146035828925e-05
4376000,1.195398435166904e-05
4378000,1.1947821896107084e-05
4380000,1.1941658671575888e-05
4382000,1.19354946805086e-05
4384000,1.192932992533866e-05
4386000,1.1923164408499824e-05
4388000,1.1916998132426136e-05
4390000,1.1910831099551946e-05
4392000,1.1904663312311895e-05
4394000,1.1898494773140935e-05
4396000,1.1892325484474306e-05
4398000,1.1886155448747544e-05
4400000,1.1879984668396481e-05
4402000,1.1873813145857246e-05
4404000,1.1867640883566255e-05
4406000,1.1861467883960219e-05
4408000,1.1855294149476143e-05
4410000,1.1849119682551324e-05
4412000,1.1842944485623333e-05
4414000,1.1836768561130045e-05
4416000,1.183059191150962e-05
4418000,1.1824414539200501e-05
4420000,1.1818236446641413e-05
4422000,1.181205763627137e-05
4424000,1.1805878110529671e-05
4426000,1.1799697871855898e-05
4428000,1.1793516922689902e-05
4430000,1.1787335265471827e-05
4432000,1.1781152902642097e-05
4434000,1.1774969836641412e-05
4436000,1.1768786069910742e-05
4438000,1.1762601604891345e-05
4440000,1.175641644402475e-05
4442000,1.1750230589752758e-05
4444000,1.1744044044517446e-05
4446000,1.1737856810761166e-05
4448000,1.1731668890926546e-05
4450000,1.1725480287456465e-05
4452000,1.1719291002794092e-05
4454000,1.1713101039382862e-05
4456000,1.1706910399666474e-05
4458000,1.1700719086088888e-05
4460000,1.1694527101094345e-05
4462000,1.1688334447127335e-05
4464000,1.1682141126632628e-05
4466000,1.1675947142055241e-05
4468000,1.1669752495840465e-05
4470000,1.1663557190433847e-05
4472000,1.1657361228281196e-05
4474000,1.1651164611828577e-05
4476000,1.1644967343522322e-05
4478000,1.1638769425809009e-05
4480000,1.163257086113548e-05
4482000,1.1626371651948832e-05
4484000,1.162017180069641e-05
4486000,1.1613971309825823e-05
4488000,1.1607770181784921e-05
4490000,1.160156841902181e-05
4492000,1.1595366023984855e-05
4494000,1.1589162999122661e-05
4496000,1.158295934688408e-05
4498000,1.157675506971822e-05
4500000,1.1570550170074426e-05
4502000,1.1564344650402301e-05
4504000,1.1558138513151681e-05
4506000,1.1551931760772652e-05
4508000,1.1545724395715542e-05
4510000,1.1539516420430921e-05
4512000,1.1533307837369597e-05
4514000,1.1527098648982622e-05
4516000,1.1520888857721284e-05
4518000,1.1514678466037114e-05
4520000,1.1508467476381873e-05
4522000,1.1502255891207562e-05
4524000,1.1496043712966414e-05
4526000,1.1489830944110906e-05
4528000,1.1483617587093731e-05
4530000,1.1477403644367827e-05
4532000,1.1471189118386364e-05
4534000,1.1464974011602737e-05
4536000,1.1458758326470572e-05
4538000,1.1452542065443718e-05
4540000,1.1446325230976263e-05
4542000,1.1440107825522513e-05
4544000,1.1433889851537e-05
4546000,1.1427671311474479e-05
4548000,1.142145220778994e-05
4550000,1.1415232542938576e-05
4552000,1.1409012319375817e-05
4554000,1.140279153955731e-05
4556000,1.1396570205938919e-05
4558000,1.1390348320976728e-05
4560000,1.1384125887127038e-05
4562000,1.1377902906846367e-05
4564000,1.1371679382591456e-05
4566000,1.1365455316819242e-05
4568000,1.1359230711986893e-05
4570000,1.1353005570551788e-05
4572000,1.1346779894971513e-05
4574000,1.1340553687703862e-05
4576000,1.1334326951206845e-05
4578000,1.132809968793868e-05
4580000,1.1321871900357793e-05
4582000,1.1315643590922812e-05
4584000,1.1309414762092577e-05
4586000,1.1303185416326132e-05
4588000,1.1296955556082723e-05
4590000,1.1290725183821798e-05
4592000,1.1284494302003015e-05
4594000,1.1278262913086223e-05
4596000,1.1272031019531475e-05
4598000,1.1265798623799026e-05
4600000,1.1259565728349326e-05
4602000,1.125333233564303e-05
4604000,1.1247098448140972e-05
4606000,1.1240864068304196e-05
4608000,1.1234629198593937e-05
4610000,1.1228393841471627e-05
4612000,1.1222157999398879e-05
4614000,1.121592167483751e-05
4616000,1.1209684870249519e-05
4618000,1.1203447588097098e-05
4620000,1.119720983084263e-05
4622000,1.1190971600948682e-05
4624000,1.1184732900878007e-05
4626000,1.1178493733093545e-05
4628000,1.117225410005842e-05
4630000,1.1166014004235942e-05
4632000,1.1159773448089601e-05
4634000,1.1153532434083067e-05
4636000,1.11472909646802e-05
4638000,1.1141049042345028e-05
4640000,1.1134806669541766e-05
4642000,1.1128563848734802e-05
4644000,1.1122320582388702e-05
4646000,1.1116076872968215e-05
4648000,1.110983272293825e-05
4650000,1.1103588134763901e-05
4652000,1.1097343110910437e-05
4654000,1.1091097653843288e-05
4656000,1.108485176602807e-05
4658000,1.1078605449930554e-05
4660000,1.1072358708016685e-05
4662000,1.1066111542752582e-05
4664000,1.1059863956604527e-05
4666000,1.1053615952038966e-05
4668000,1.1047367531522514e-05
4670000,1.1041118697521948e-05
4672000,1.1034869452504208e-05
4674000,1.1028619798936399e-05
4676000,1.102236973928578e-05
4678000,1.1016119276019782e-05
4680000,1.1009868411605986e-05
4682000,1.1003617148512132e-05
4684000,1.0997365489206123e-05
4686000,1.0991113436156016e-05
4688000,1.0984860991830019e-05
4690000,1.0978608158696502e-05
4692000,1.0972354939223979e-05
4694000,1.0966101335881125e-05
4696000,1.0959847351136766e-05
4698000,1.095359298745987e-05
4700000,1.0947338247319567e-05
4702000,1.0941083133185129e-05
4704000,1.0934827647525971e-05
4706000,1.0928571792811661e-05
4708000,1.0922315571511918e-05
4710000,1.0916058986096591e-05
4712000,1.0909802039035685e-05
4714000,1.090354473279934e-05
4716000,1.0897287069857846e-05
4718000,1.0891029052681628e-05
4720000,1.0884770683741249e-05
4722000,1.0878511965507414e-05
4724000,1.0872252900450975e-05
4726000,1.0865993491042899e-05
4728000,1.0859733739754307e-05
4730000,1.0853473649056453e-05
4732000,1.0847213221420718e-05
4734000,1.0840952459318622e-05
4736000,1.0834691365221811e-05
4738000,1.0828429941602067e-05
4740000,1.0822168190931308e-05
4742000,1.0815906115681562e-05
4744000,1.0809643718325002e-05
4746000,1.0803381001333926e-05
4748000,1.0797117967180754e-05
4750000,1.0790854618338032e-05
4752000,1.0784590957278433e-05
4754000,1.0778326986474748e-05
4756000,1.0772062708399897e-05
4758000,1.0765798125526914e-05
4760000,1.075953324032896e-05
4762000,1.0753268055279312e-05
4764000,1.0747002572851363e-05
4766000,1.0740736795518628e-05
4768000,1.073447072575474e-05
4770000,1.0728204366033441e-05
4772000,1.072193771882859e-05
4774000,1.0715670786614161e-05
4776000,1.070940357186424e-05
4778000,1.0703136077053026e-05
4780000,1.0696868304654819e-05
4782000,1.0690600257144043e-05
4784000,1.0684331936995224e-05
4786000,1.0678063346682993e-05
4788000,1.0671794488682091e-05
4790000,1.0665525365467366e-05
4792000,1.0659255979513762e-05
4794000,1.0652986333296341e-05
4796000,1.0646716429290258e-05
4798000,1.0640446269970767e-05
4800000,1.0634175857813234e-05
4802000,1.0627905195293116e-05
4804000,1.0621634284885969e-05
4806000,1.0615363129067454e-05
4808000,1.0609091730313322e-05
4810000,1.0602820091099418e-05
4812000,1.059654821390169e-05
4814000,1.0590276101196173e-05
4816000,1.0584003755459001e-05
4818000,1.0577731179166396e-05
4820000,1.057145837479467e-05
4822000,1.056518534482023e-05
4824000,1.0558912091719564e-05
4826000,1.0552638617969255e-05
4828000,1.0546364926045972e-05
4830000,1.054009101842647e-05
4832000,1.0533816897587586e-05
4834000,1.0527542566006249e-05
4836000,1.0521268026159455e-05
4838000,1.0514993280524303e-05
4840000,1.0508718331577965e-05
4842000,1.050244318179768e-05
4844000,1.0496167833660783e-05
4846000,1.0489892289644684e-05
4848000,1.0483616552226872e-05
4850000,1.0477340623884902e-05
4852000,1.0471064507096408e-05
4854000,1.0464788204339113e-05
4856000,1.0458511718090795e-05
4858000,1.0452235050829309e-05
4860000,1.044595820503259e-05
4862000,1.0439681183178634e-05
4864000,1.0433403987745509e-05
4866000,1.0427126621211356e-05
4868000,1.0420849086054374e-05
4870000,1.0414571384752838e-05
4872000,1.0408293519785086e-05
4874000,1.0402015493629516e-05
4876000,1.0395737308764596e-05
4878000,1.038945896766886e-05
4880000,1.0383180472820884e-05
4882000,1.0376901826699327e-05
4884000,1.0370623031782899e-05
4886000,1.036434409055037e-05
4888000,1.0358065005480562e-05
4890000,1.035178577905236e-05
4892000,1.0345506413744704e-05
4894000,1.033922691203659e-05
4896000,1.033294727640706e-05
4898000,1.0326667509335218e-05
4900000,1.032038761330022e-05
4902000,1.0314107590781265e-05
4904000,1.0307827444257607e-05
4906000,1.030154717620855e-05
4908000,1.0295266789113444e-05
4910000,1.0288986285451681e-05
4912000,1.0282705667702716e-05
4914000,1.0276424938346024e-05
4916000,1.0270144099861151e-05
4918000,1.0263863154727662e-05
4920000,1.0257582105425175e-05
4922000,1.0251300954433357e-05
4924000,1.0245019704231901e-05
4926000,1.0238738357300545e-05
4928000,1.0232456916119067e-05
4930000,1.0226175383167279e-05
4932000,1.0219893760925032e-05
4934000,1.0213612051872212e-05
4936000,1.0207330258488735e-05
4938000,1.0201048383254557e-05
4940000,1.0194766428649662e-05
4942000,1.0188484397154063e-05
4944000,1.0182202291247811e-05
4946000,1.017592011341098e-05
4948000,1.0169637866123672e-05
4950000,1.0163355551866024e-05
4952000,1.0157073173118189e-05
4954000,1.0150790732360353e-05
4956000,1.0144508232072726e-05
4958000,1.0138225674735533e-05
4960000,1.0131943062829038e-05
4962000,1.0125660398833508e-05
4964000,1.0119377685229243e-05
4966000,1.011309492449656e-05
4968000,1.010681211911579e-05
4970000,1.0100529271567288e-05
4972000,1.0094246384331423e-05
4974000,1.0087963459888574e-05
4976000,1.0081680500719147e-05
4978000,1.0075397509303554e-05
4980000,1.0069114488122214e-05
4982000,1.0062831439655571e-05
4984000,1.0056548366384068e-05
4986000,1.005026527078817e-05
4988000,1.0043982155348336e-05
4990000,1.0037699022545042e-05
4992000,1.0031415874858774e-05
4994000,1.0025132714770019e-05
4996000,1.0018849544759259e-05
4998000,1.0012566367307001e-05
5000000,1.0006283184893744e-05
5002000,9.999999999999979e-06
5004000,9.993716815106216e-06
5006000,9.987433632692955e-06
5008000,9.981150455240697e-06
5010000,9.974867285229942e-06
5012000,9.968584125141182e-06
5014000,9.962300977454913e-06
5016000,9.956017844651623e-06
5018000,9.949734729211788e-06
5020000,9.943451633615886e-06
5022000,9.937168560344386e-06
5024000,9.930885511877745e-06
5026000,9.924602490696407e-06
5028000,9.918319499280811e-06
5030000,9.912036540111382e-06
5032000,9.905753615668538e-06
5034000,9.89947072843267e-06
5036000,9.893187880884167e-06
5038000,9.886905075503398e-06
5040000,9.880622314770715e-06
5042000,9.874339601166448e-06
5044000,9.86805693717092e-06
5046000,9.861774325264424e-06
5048000,9.855491767927235e-06
5050000,9.849209267639604e-06
5052000,9.842926826881767e-06
5054000,9.836644448133937e-06
5056000,9.830362133876286e-06
5058000,9.824079886588978e-06
5060000,9.817797708752148e-06
5062000,9.811515602845895e-06
5064000,9.805233571350295e-06
5066000,9.7989516167454e-06
5068000,9.792669741511221e-06
5070000,9.786387948127747e-06
5072000,9.780106239074925e-06
5074000,9.773824616832677e-06
5076000,9.76754308388089e-06
5078000,9.761261642699412e-06
5080000,9.754980295768056e-06
5082000,9.748699045566599e-06
5084000,9.74241789457478e-06
5086000,9.736136845272294e-06
5088000,9.729855900138806e-06
5090000,9.723575061653929e-06
5092000,9.71729433229724e-06
5094000,9.711013714548271e-06
5096000,9.70473321088651e-06
5098000,9.698452823791404e-06
5100000,9.692172555742347e-06
5102000,9.685892409218688e-06
5104000,9.679612386699733e-06
5106000,9.673332490664733e-06
5108000,9.667052723592894e-06
5110000,9.660773087963367e-06
5112000,9.65449358625525e-06
5114000,9.648214220947596e-06
5116000,9.641934994519396e-06
5118000,9.635655909449587e-06
5120000,9.629376968217057e-06
5122000,9.62309817330063e-06
5124000,9.616819527179076e-06
5126000,9.610541032331105e-06
5128000,9.604262691235362e-06
5130000,9.597984506370445e-06
5132000,9.591706480214878e-06
5134000,9.585428615247124e-06
5136000,9.57915091394559e-06
5138000,9.57287337878861e-06
5140000,9.566596012254452e-06
5142000,9.56031881682133e-06
5144000,9.554041794967371e-06
5146000,9.547764949170652e-06
5148000,9.541488281909169e-06
5150000,9.535211795660848e-06
5152000,9.52893549290355e-06
5154000,9.522659376115064e-06
5156000,9.516383447773091e-06
5158000,9.510107710355277e-06
5160000,9.503832166339178e-06
5162000,9.497556818202284e-06
5164000,9.491281668422001e-06
5166000,9.485006719475657e-06
5168000,9.478731973840504e-06
5170000,9.472457433993716e-06
5172000,9.466183102412373e-06
5174000,9.45990898157349e-06
5176000,9.453635073953989e-06
5178000,9.447361382030708e-06
5180000,9.441087908280402e-06
5182000,9.434814655179735e-06
5184000,9.428541625205293e-06
5186000,9.422268820833568e-06
5188000,9.415996244540961e-06
5190000,9.409723898803788e-06
5192000,9.403451786098276e-06
5194000,9.397179908900547e-06
5196000,9.390908269686643e-06
5198000,9.384636870932509e-06
5200000,9.378365715113994e-06
5202000,9.37209480470685e-06
5204000,9.36582414218673e-06
5206000,9.359553730029195e-06
5208000,9.35328357070971e-06
5210000,9.347013666703625e-06
5212000,9.340744020486202e-06
5214000,9.334474634532602e-06
5216000,9.328205511317876e-06
5218000,9.321936653316976e-06
5220000,9.315668063004744e-06
5222000,9.309399742855925e-06
5224000,9.303131695345148e-06
5226000,9.296863922946941e-06
5228000,9.290596428135727e-06
5230000,9.284329213385803e-06
5232000,9.278062281171375e-06
5234000,9.271795633966524e-06
5236000,9.265529274245222e-06
5238000,9.259263204481334e-06
5240000,9.252997427148603e-06
5242000,9.246731944720655e-06
5244000,9.240466759671004e-06
5246000,9.234201874473049e-06
5248000,9.227937291600065e-06
5250000,9.221673013525217e-06
5252000,9.215409042721531e-06
5254000,9.20914538166193e-06
5256000,9.202882032819208e-06
5258000,9.196618998666036e-06
5260000,9.190356281674964e-06
5262000,9.184093884318407e-06
5264000,9.177831809068661e-06
5266000,9.171570058397895e-06
5268000,9.165308634778155e-06
5270000,9.159047540681342e-06
5272000,9.152786778579248e-06
5274000,9.146526350943511e-06
5276000,9.140266260245657e-06
5278000,9.134006508957066e-06
5280000,9.12774709954899e-06
5282000,9.12148803449255e-06
5284000,9.115229316258716e-06
5286000,9.108970947318338e-06
5288000,9.102712930142117e-06
5290000,9.096455267200621e-06
5292000,9.09019796096428e-06
5294000,9.083941013903377e-06
5296000,9.077684428488048e-06
5298000,9.0714282071883e-06
5300000,9.065172352473993e-06
5302000,9.058916866814835e-06
5304000,9.052661752680396e-06
5306000,9.046407012540092e-06
5308000,9.0401526488632e-06
5310000,9.033898664118838e-06
5312000,9.027645060775984e-06
5314000,9.021391841303462e-06
5316000,9.015139008169946e-06
5318000,9.008886563843947e-06
5320000,9.002634510793838e-06
5322000,8.99638285148783e-06
5324000,8.990131588393977e-06
5326000,8.983880723980182e-06
5328000,8.977630260714182e-06
5330000,8.971380201063565e-06
5332000,8.965130547495753e-06
5334000,8.958881302478011e-06
5336000,8.952632468477444e-06
5338000,8.946384047960993e-06
5340000,8.940136043395434e-06
5342000,8.933888457247377e-06
5344000,8.927641291983275e-06
5346000,8.921394550069407e-06
5348000,8.915148233971894e-06
5350000,8.908902346156672e-06
5352000,8.902656889089526e-06
5354000,8.896411865236062e-06
5356000,8.890167277061714e-06
5358000,8.883923127031748e-06
5360000,8.87767941761126e-06
5362000,8.871436151265163e-06
5364000,8.865193330458197e-06
5366000,8.858950957654934e-06
5368000,8.852709035319763e-06
5370000,8.846467565916899e-06
5372000,8.840226551910366e-06
5374000,8.833985995764024e-06
5376000,8.827745899941547e-06
5378000,8.82150626690642e-06
5380000,8.815267099121957e-06
5382000,8.809028399051284e-06
5384000,8.802790169157336e-06
5386000,8.796552411902866e-06
5388000,8.790315129750445e-06
5390000,8.784078325162453e-06
5392000,8.777842000601088e-06
5394000,8.77160615852834e-06
5396000,8.765370801406027e-06
5398000,8.759135931695769e-06
5400000,8.752901551858995e-06
5402000,8.746667664356936e-06
5404000,8.740434271650639e-06
5406000,8.73420137620094e-06
5408000,8.727968980468493e-06
5410000,8.721737086913743e-06
5412000,8.715505697996951e-06
5414000,8.70927481617817e-06
5416000,8.703044443917248e-06
5418000,8.696814583673835e-06
5420000,8.690585237907389e-06
5422000,8.684356409077156e-06
5424000,8.678128099642175e-06
5426000,8.671900312061289e-06
5428000,8.665673048793123e-06
5430000,8.659446312296109e-06
5432000,8.653220105028457e-06
5434000,8.64699442944818e-06
5436000,8.640769288013078e-06
5438000,8.634544683180733e-06
5440000,8.62832061740852e-06
5442000,8.622097093153604e-06
5444000,8.615874112872934e-06
5446000,8.609651679023245e-06
5448000,8.603429794061057e-06
5450000,8.597208460442665e-06
5452000,8.590987680624157e-06
5454000,8.5847674570614e-06
5456000,8.578547792210035e-06
5458000,8.572328688525496e-06
5460000,8.566110148462976e-06
5462000,8.559892174477463e-06
5464000,8.553674769023711e-06
5466000,8.547457934556253e-06
5468000,8.541241673529403e-06
5470000,8.53502598839724e-06
5472000,8.52881088161361e-06
5474000,8.522596355632147e-06
5476000,8.516382412906247e-06
5478000,8.510169055889072e-06
5480000,8.503956287033563e-06
5482000,8.497744108792417e-06
5484000,8.491532523618106e-06
5486000,8.485321533962864e-06
5488000,8.47911114227869e-06
5490000,8.472901351017354e-06
5492000,8.466692162630383e-06
5494000,8.460483579569058e-06
5496000,8.454275604284436e-06
5498000,8.448068239227326e-06
5500000,8.441861486848298e-06
5502000,8.435655349597682e-06
5504000,8.429449829925555e-06
5506000,8.423244930281762e-06
5508000,8.417040653115903e-06
5510000,8.410837000877322e-06
5512000,8.404633976015124e-06
5514000,8.398431580978173e-06
5516000,8.392229818215067e-06
5518000,8.386028690174164e-06
5520000,8.379828199303573e-06
5522000,8.373628348051155e-06
5524000,8.367429138864509e-06
5526000,8.36123057419098e-06
5528000,8.355032656477666e-06
5530000,8.348835388171411e-06
5532000,8.342638771718792e-06
5534000,8.33644280956614e-06
5536000,8.330247504159527e-06
5538000,8.32405285794475e-06
5540000,8.317858873367363e-06
5542000,8.311665552872653e-06
5544000,8.305472898905645e-06
5546000,8.299280913911103e-06
5548000,8.293089600333519e-06
5550000,8.286898960617128e-06
5552000,8.280708997205899e-06
5554000,8.274519712543528e-06
5556000,8.268331109073447e-06
5558000,8.262143189238825e-06
5560000,8.255955955482543e-06
5562000,8.249769410247234e-06
5564000,8.243583555975239e-06
5566000,8.237398395108643e-06
5568000,8.231213930089248e-06
5570000,8.22503016335858e-06
5572000,8.218847097357891e-06
5574000,8.212664734528161e-06
5576000,8.20648307731009e-06
5578000,8.200302128144093e-06
5580000,8.19412188947032e-06
5582000,8.18794236372862e-06
5584000,8.18176355335858e-06
5586000,8.175585460799492e-06
5588000,8.169408088490371e-06
5590000,8.163231438869949e-06
5592000,8.157055514376665e-06
5594000,8.150880317448674e-06
5596000,8.14470585052385e-06
5598000,8.138532116039776e-06
5600000,8.13235911643374e-06
5602000,8.12618685414275e-06
5604000,8.120015331603514e-06
5606000,8.113844551252451e-06
5608000,8.107674515525686e-06
5610000,8.101505226859054e-06
5612000,8.095336687688098e-06
5614000,8.089168900448047e-06
5616000,8.083001867573855e-06
5618000,8.076835591500166e-06
5620000,8.070670074661328e-06
5622000,8.064505319491391e-06
5624000,8.058341328424104e-06
5626000,8.052178103892906e-06
5628000,8.046015648330946e-06
5630000,8.039853964171065e-06
5632000,8.033693053845793e-06
5634000,8.027532919787368e-06
5636000,8.021373564427704e-06
5638000,8.015214990198425e-06
5640000,8.009057199530832e-06
5642000,8.002900194855926e-06
5644000,7.996743978604396e-06
5646000,7.990588553206621e-06
5648000,7.984433921092658e-06
5650000,7.978280084692263e-06
5652000,7.972127046434873e-06
5654000,7.965974808749608e-06
5656000,7.959823374065276e-06
5658000,7.953672744810372e-06
5660000,7.947522923413056e-06
5662000,7.941373912301182e-06
5664000,7.935225713902287e-06
5666000,7.929078330643583e-06
5668000,7.922931764951956e-06
5670000,7.916786019253974e-06
5672000,7.910641095975877e-06
5674000,7.904496997543588e-06
5676000,7.8983537263827e-06
5678000,7.892211284918474e-06
5680000,7.886069675575854e-06
5682000,7.879928900779446e-06
5684000,7.873788962953536e-06
5686000,7.867649864522067e-06
5688000,7.86151160790866e-06
5690000,7.855374195536609e-06
5692000,7.84923762982886e-06
5694000,7.84310191320803e-06
5696000,7.836967048096405e-06
5698000,7.830833036915939e-06
5700000,7.824699882088233e-06
5702000,7.818567586034567e-06
5704000,7.812436151175867e-06
5706000,7.806305579932732e-06
5708000,7.800175874725412e-06
5710000,7.794047037973817e-06
5712000,7.787919072097522e-06
5714000,7.781791979515742e-06
5716000,7.775665762647356e-06
5718000,7.7695404239109e-06
5720000,7.763415965724562e-06
5722000,7.75729239050618e-06
5724000,7.751169700673247e-06
5726000,7.745047898642898e-06
5728000,7.738926986831926e-06
5730000,7.732806967656776e-06
5732000,7.726687843533527e-06
5734000,7.720569616877918e-06
5736000,7.714452290105321e-06
5738000,7.708335865630766e-06
5740000,7.702220345868918e-06
5742000,7.696105733234085e-06
5744000,7.689992030140225e-06
5746000,7.68387923900093e-06
5748000,7.677767362229426e-06
5750000,7.671656402238592e-06
5752000,7.665546361440938e-06
5754000,7.659437242248607e-06
5756000,7.653329047073391e-06
5758000,7.647221778326697e-06
5760000,7.641115438419588e-06
5762000,7.635010029762743e-06
5764000,7.6289055547664856e-06
5766000,7.622802015840765e-06
5768000,7.616699415395164e-06
5770000,7.610597755838885e-06
5772000,7.604497039580773e-06
5774000,7.598397269029293e-06
5776000,7.592298446592535e-06
5778000,7.586200574678224e-06
5780000,7.580103655693693e-06
5782000,7.574007692045916e-06
5784000,7.567912686141484e-06
5786000,7.561818640386605e-06
5788000,7.555725557187113e-06
5790000,7.549633438948465e-06
5792000,7.543542288075728e-06
5794000,7.537452106973591e-06
5796000,7.531362898046361e-06
5798000,7.525274663697966e-06
5800000,7.519187406331945e-06
5802000,7.513101128351442e-06
5804000,7.50701583215923e-06
5806000,7.5009315201576875e-06
5808000,7.494848194748801e-06
5810000,7.488765858334174e-06
5812000,7.482684513315019e-06
5814000,7.4766041620921514e-06
5816000,7.470524807065993e-06
5818000,7.464446450636584e-06
5820000,7.458369095203561e-06
5822000,7.45229274316617e-06
5824000,7.446217396923253e-06
5826000,7.440143058873263e-06
5828000,7.434069731414255e-06
5830000,7.427997416943879e-06
5832000,7.421926117859389e-06
5834000,7.415855836557644e-06
5836000,7.409786575435085e-06
5838000,7.403718336887769e-06
5840000,7.397651123311331e-06
5842000,7.391584937101018e-06
5844000,7.3855197806516665e-06
5846000,7.379455656357699e-06
5848000,7.373392566613133e-06
5850000,7.367330513811586e-06
5852000,7.361269500346261e-06
5854000,7.355209528609945e-06
5856000,7.349150600995026e-06
5858000,7.3430927198934635e-06
5860000,7.337035887696821e-06
5862000,7.330980106796234e-06
5864000,7.3249253795824315e-06
5866000,7.31887170844573e-06
5868000,7.3128190957760135e-06
5870000,7.306767543962758e-06
5872000,7.300717055395025e-06
5874000,7.2946676324614535e-06
5876000,7.2886192775502524e-06
5878000,7.282571993049224e-06
5880000,7.276525781345735e-06
5882000,7.270480644826738e-06
5884000,7.264436585878753e-06
5886000,7.258393606887881e-06
5888000,7.252351710239797e-06
5890000,7.246310898319741e-06
5892000,7.240271173512534e-06
5894000,7.234232538202559e-06
5896000,7.228194994773777e-06
5898000,7.222158545609716e-06
5900000,7.216123193093472e-06
5902000,7.210088939607698e-06
5904000,7.204055787534628e-06
5906000,7.198023739256055e-06
5908000,7.191992797153333e-06
5910000,7.1859629636073894e-06
5912000,7.179934240998696e-06
5914000,7.173906631707306e-06
5916000,7.167880138112819e-06
5918000,7.161854762594402e-06
5920000,7.155830507530779e-06
5922000,7.149807375300231e-06
5924000,7.1437853682805885e-06
5926000,7.137764488849248e-06
5928000,7.131744739383163e-06
5930000,7.125726122258825e-06
5932000,7.119708639852302e-06
5934000,7.113692294539186e-06
5936000,7.1076770886946446e-06
5938000,7.10166302469338e-06
5940000,7.095650104909653e-06
5942000,7.089638331717272e-06
5944000,7.083627707489585e-06
5946000,7.077618234599493e-06
5948000,7.071609915419438e-06
5950000,7.065602752321413e-06
5952000,7.059596747676951e-06
5954000,7.0535919038571275e-06
5956000,7.047588223232554e-06
5958000,7.0415857081733935e-06
5960000,7.035584361049344e-06
5962000,7.029584184229641e-06
5964000,7.023585180083059e-06
5966000,7.017587350977915e-06
5968000,7.011590699282051e-06
5970000,7.005595227362849e-06
5972000,6.999600937587228e-06
5974000,6.993607832321642e-06
5976000,6.9876159139320745e-06
5978000,6.981625184784032e-06
5980000,6.975635647242567e-06
5982000,6.969647303672252e-06
5984000,6.963660156437189e-06
5986000,6.957674207901009e-06
5988000,6.951689460426875e-06
5990000,6.945705916377465e-06
5992000,6.939723578114985e-06
5994000,6.9337424480011715e-06
5996000,6.927762528397281e-06
5998000,6.921783821664089e-06
6000000,6.915806330161897e-06
6002000,6.909830056250518e-06
6004000,6.903855002289294e-06
6006000,6.897881170637084e-06
6008000,6.891908563652256e-06
6010000,6.885937183692711e-06
6012000,6.879967033115843e-06
6014000,6.873998114278581e-06
6016000,6.8680304295373555e-06
6018000,6.862063981248115e-06
6020000,6.8560987717663244e-06
6022000,6.850134803446947e-06
6024000,6.844172078644462e-06
6026000,6.838210599712861e-06
6028000,6.832250369005645e-06
6030000,6.826291388875815e-06
6032000,6.8203336616758855e-06
6034000,6.814377189757866e-06
6036000,6.808421975473284e-06
6038000,6.802468021173159e-06
6040000,6.79651532920802e-06
6042000,6.7905639019279e-06
6044000,6.784613741682322e-06
6046000,6.778664850820315e-06
6048000,6.772717231690409e-06
6050000,6.766770886640631e-06
6052000,6.7608258180185e-06
6054000,6.754882028171042e-06
6056000,6.748939519444762e-06
6058000,6.742998294185673e-06
6060000,6.737058354739279e-06
6062000,6.731119703450569e-06
6064000,6.725182342664034e-06
6066000,6.7192462747236456e-06
6068000,6.7133115019728706e-06
6070000,6.707378026754663e-06
6072000,6.7014458514114635e-06
6074000,6.6955149782852074e-06
6076000,6.689585409717306e-06
6078000,6.683657148048654e-06
6080000,6.6777301956196385e-06
6082000,6.6718045547701296e-06
6084000,6.665880227839472e-06
6086000,6.659957217166502e-06
6088000,6.654035525089523e-06
6090000,6.64811515394633e-06
6092000,6.64219610607419e-06
6094000,6.6362783838098486e-06
6096000,6.630361989489533e-06
6098000,6.624446925448941e-06
6100000,6.618533194023239e-06
6102000,6.612620797547082e-06
6104000,6.60670973835459e-06
6106000,6.600800018779351e-06
6108000,6.594891641154436e-06
6110000,6.58898460781237e-06
6112000,6.583078921085161e-06
6114000,6.577174583304283e-06
6116000,6.571271596800671e-06
6118000,6.565369963904732e-06
6120000,6.559469686946339e-06
6122000,6.553570768254825e-06
6124000,6.54767321015899e-06
6126000,6.541777014987097e-06
6128000,6.535882185066873e-06
6130000,6.529988722725504e-06
6132000,6.524096630289626e-06
6134000,6.518205910085352e-06
6136000,6.512316564438247e-06
6138000,6.506428595673326e-06
6140000,6.500542006115067e-06
6142000,6.494656798087408e-06
6144000,6.488772973913729e-06
6146000,6.482890535916869e-06
6148000,6.477009486419127e-06
6150000,6.471129827742248e-06
6152000,6.465251562207429e-06
6154000,6.459374692135308e-06
6156000,6.453499219845988e-06
6158000,6.447625147659011e-06
6160000,6.441752477893365e-06
6162000,6.4358812128674885e-06
6164000,6.430011354899269e-06
6166000,6.424142906306024e-06
6168000,6.4182758694045316e-06
6170000,6.4124102465110005e-06
6172000,6.406546039941088e-06
6174000,6.400683252009893e-06
6176000,6.394821885031946e-06
6178000,6.388961941321221e-06
6180000,6.383103423191135e-06
6182000,6.377246332954539e-06
6184000,6.371390672923715e-06
6186000,6.365536445410391e-06
6188000,6.3596836527257165e-06
6190000,6.3538322971802865e-06
6192000,6.347982381084118e-06
6194000,6.3421339067466695e-06
6196000,6.336286876476829e-06
6198000,6.330441292582905e-06
6200000,6.324597157372643e-06
6202000,6.318754473153217e-06
6204000,6.312913242231225e-06
6206000,6.307073466912692e-06
6208000,6.301235149503074e-06
6210000,6.2953982923072375e-06
6212000,6.289562897629487e-06
6214000,6.283728967773541e-06
6216000,6.277896505042544e-06
6218000,6.272065511739064e-06
6220000,6.266235990165077e-06
6222000,6.260407942621992e-06
6224000,6.254581371410625e-06
6226000,6.248756278831217e-06
6228000,6.242932667183424e-06
6230000,6.237110538766315e-06
6232000,6.231289895878369e-06
6234000,6.225470740817487e-06
6236000,6.219653075880982e-06
6238000,6.213836903365572e-06
6240000,6.208022225567395e-06
6242000,6.202209044781985e-06
6244000,6.196397363304301e-06
6246000,6.190587183428699e-06
6248000,6.1847785074489475e-06
6250000,6.17897133765822e-06
6252000,6.1731656763491e-06
6254000,6.16736152581356e-06
6256000,6.161558888342992e-06
6258000,6.155757766228189e-06
6260000,6.149958161759337e-06
6262000,6.144160077226034e-06
6264000,6.138363514917261e-06
6266000,6.132568477121421e-06
6268000,6.126774966126294e-06
6270000,6.12098298421907e-06
6272000,6.115192533686336e-06
6274000,6.109403616814065e-06
6276000,6.10361623588763e-06
6278000,6.097830393191797e-06
6280000,6.092046091010727e-06
6282000,6.086263331627971e-06
6284000,6.0804821173264735e-06
6286000,6.074702450388558e-06
6288000,6.0689243330959516e-06
6290000,6.063147767729763e-06
6292000,6.057372756570486e-06
6294000,6.051599301898005e-06
6296000,6.045827405991594e-06
6298000,6.040057071129899e-06
6300000,6.034288299590957e-06
6302000,6.028521093652189e-06
6304000,6.022755455590401e-06
6306000,6.016991387681773e-06
6308000,6.01122889220186e-06
6310000,6.005467971425612e-06
6312000,5.99970862762735e-06
6314000,5.993950863080767e-06
6316000,5.988194680058941e-06
6318000,5.982440080834323e-06
6320000,5.976687067678734e-06
6322000,5.9709356428633716e-06
6324000,5.965185808658811e-06
6326000,5.9594375673349936e-06
6328000,5.953690921161235e-06
6330000,5.94794587240622e-06
6332000,5.942202423337999e-06
6334000,5.936460576223999e-06
6336000,5.930720333331013e-06
6338000,5.924981696925189e-06
6340000,5.919244669272061e-06
6342000,5.913509252636508e-06
6344000,5.907775449282786e-06
6346000,5.902043261474505e-06
6348000,5.896312691474646e-06
6350000,5.890583741545551e-06
6352000,5.884856413948912e-06
6354000,5.879130710945788e-06
6356000,5.873406634796596e-06
6358000,5.867684187761115e-06
6360000,5.8619633720984715e-06
6362000,5.856244190067159e-06
6364000,5.850526643925011e-06
6366000,5.844810735929231e-06
6368000,5.839096468336365e-06
6370000,5.833383843402318e-06
6372000,5.827672863382347e-06
6374000,5.821963530531048e-06
6376000,5.816255847102381e-06
6378000,5.810549815349651e-06
6380000,5.804845437525501e-06
6382000,5.799142715881936e-06
6384000,5.7934416526703e-06
6386000,5.787742250141277e-06
6388000,5.782044510544904e-06
6390000,5.776348436130559e-06
6392000,5.770654029146967e-06
6394000,5.764961291842183e-06
6396000,5.759270226463606e-06
6398000,5.753580835257985e-06
6400000,5.7478931204714e-06
6402000,5.742207084349271e-06
6404000,5.7365227291363535e-06
6406000,5.730840057076747e-06
6408000,5.7251590704138745e-06
6410000,5.719479771390496e-06
6412000,5.713802162248715e-06
6414000,5.70812624522996e-06
6416000,5.702452022574996e-06
6418000,5.696779496523911e-06
6420000,5.691108669316129e-06
6422000,5.685439543190407e-06
6424000,5.679772120384826e-06
6426000,5.674106403136789e-06
6428000,5.6684423936830395e-06
6430000,5.66278009425963e-06
6432000,5.657119507101952e-06
6434000,5.651460634444714e-06
6436000,5.64580347852195e-06
6438000,5.640148041567018e-06
6440000,5.634494325812595e-06
6442000,5.62884233349067e-06
6444000,5.623192066832566e-06
6446000,5.61754352806892e-06
6448000,5.611896719429684e-06
6450000,5.606251643144132e-06
6452000,5.600608301440845e-06
6454000,5.594966696547731e-06
6456000,5.589326830692e-06
6458000,5.583688706100184e-06
6460000,5.5780523249981295e-06
6462000,5.572417689610983e-06
6464000,5.5667848021632134e-06
6466000,5.561153664878596e-06
6468000,5.555524279980212e-06
6470000,5.549896649690461e-06
6472000,5.544270776231037e-06
6474000,5.538646661822941e-06
6476000,5.533024308686488e-06
6478000,5.527403719041296e-06
6480000,5.521784895106282e-06
6482000,5.516167839099675e-06
6484000,5.51055255323899e-06
6486000,5.504939039741063e-06
6488000,5.49932730082201e-06
6490000,5.493717338697263e-06
6492000,5.488109155581544e-06
6494000,5.482502753688881e-06
6496000,5.476898135232582e-06
6498000,5.471295302425268e-06
6500000,5.465694257478851e-06
6502000,5.460095002604528e-06
6504000,5.454497540012804e-06
6506000,5.448901871913461e-06
6508000,5.4433080005155824e-06
6510000,5.437715928027541e-06
6512000,5.4321256566569985e-06
6514000,5.42653718861091e-06
6516000,5.42095052609551e-06
6518000,5.415365671316321e-06
6520000,5.409782626478157e-06
6522000,5.4042013937851175e-06
6524000,5.398621975440584e-06
6526000,5.393044373647227e-06
6528000,5.3874685906069875e-06
6530000,5.3818946285211e-06
6532000,5.37632248959008e-06
6534000,5.370752176013712e-06
6536000,5.365183689991072e-06
6538000,5.359617033720514e-06
6540000,5.354052209399658e-06
6542000,5.348489219225412e-06
6544000,5.3429280653939565e-06
6546000,5.3373687501007515e-06
6548000,5.331811275540521e-06
6550000,5.326255643907267e-06
6552000,5.320701857394265e-06
6554000,5.315149918194064e-06
6556000,5.309599828498483e-06
6558000,5.304051590498606e-06
6560000,5.2985052063847975e-06
6562000,5.292960678346674e-06
6564000,5.287418008573127e-06
6566000,5.281877199252317e-06
6568000,5.276338252571669e-06
6570000,5.270801170717873e-06
6572000,5.265265955876875e-06
6574000,5.259732610233896e-06
6576000,5.254201135973413e-06
6578000,5.24867153527916e-06
6580000,5.243143810334138e-06
6582000,5.2376179633206076e-06
6584000,5.232093996420082e-06
6586000,5.2265719118133375e-06
6588000,5.221051711680405e-06
6590000,5.215533398200573e-06
6592000,5.210016973552387e-06
6594000,5.204502439913642e-06
6596000,5.198989799461383e-06
6598000,5.1934790543719186e-06
6600000,5.187970206820803e-06
6602000,5.182463258982842e-06
6604000,5.1769582130320954e-06
6606000,5.171455071141859e-06
6608000,5.1659538354846965e-06
6610000,5.1604545082323984e-06
6612000,5.154957091556018e-06
6614000,5.149461587625849e-06
6616000,5.143967998611425e-06
6618000,5.13847632668153e-06
6620000,5.132986574004189e-06
6622000,5.127498742746676e-06
6624000,5.122012835075489e-06
6626000,5.116528853156386e-06
6628000,5.111046799154348e-06
6630000,5.105566675233608e-06
6632000,5.100088483557632e-06
6634000,5.094612226289122e-06
6636000,5.0891379055900235e-06
6638000,5.083665523621503e-06
6640000,5.078195082543977e-06
6642000,5.072726584517083e-06
6644000,5.0672600316997e-06
6646000,5.061795426249937e-06
6648000,5.056332770325138e-06
6650000,5.050872066081866e-06
6652000,5.045413315675921e-06
6654000,5.039956521262338e-06
6656000,5.034501684995365e-06
6658000,5.029048809028489e-06
6660000,5.023597895514423e-06
6662000,5.0181489466050904e-06
6664000,5.0127019644516585e-06
6666000,5.0072569512045065e-06
6668000,5.001813909013245e-06
6670000,4.996372840026694e-06
6672000,4.9909337463929015e-06
6674000,4.985496630259137e-06
6676000,4.980061493771888e-06
6678000,4.9746283390768625e-06
6680000,4.969197168318981e-06
6682000,4.963767983642389e-06
6684000,4.958340787190439e-06
6686000,4.952915581105697e-06
6688000,4.947492367529953e-06
6690000,4.942071148604207e-06
6692000,4.936651926468674e-06
6694000,4.931234703262768e-06
6696000,4.925819481125126e-06
6698000,4.920406262193595e-06
6700000,4.91499504860523e-06
6702000,4.909585842496285e-06
6704000,4.904178646002236e-06
6706000,4.898773461257752e-06
6708000,4.893370290396717e-06
6710000,4.887969135552218e-06
6712000,4.882569998856546e-06
6714000,4.877172882441198e-06
6716000,4.871777788436865e-06
6718000,4.866384718973443e-06
6720000,4.860993676180032e-06
6722000,4.855604662184933e-06
6724000,4.85021767911564e-06
6726000,4.844832729098856e-06
6728000,4.839449814260464e-06
6730000,4.8340689367255625e-06
6732000,4.8286900986184275e-06
6734000,4.8233133020625435e-06
6736000,4.81793854918059e-06
6738000,4.8125658420944245e-06
6740000,4.807195182925112e-06
6742000,4.8018265737929025e-06
6744000,4.796460016817238e-06
6746000,4.791095514116756e-06
6748000,4.785733067809271e-06
6750000,4.780372680011789e-06
6752000,4.77501435284051e-06
6754000,4.769658088410817e-06
6756000,4.7643038888372785e-06
6758000,4.758951756233649e-06
6760000,4.753601692712862e-06
6762000,4.748253700387043e-06
6764000,4.742907781367489e-06
6766000,4.7375639377646845e-06
6768000,4.732222171688298e-06
6770000,4.7268824852471755e-06
6772000,4.721544880549335e-06
6774000,4.716209359701981e-06
6776000,4.710875924811495e-06
6778000,4.7055445779834285e-06
6780000,4.700215321322517e-06
6782000,4.694888156932661e-06
6784000,4.689563086916943e-06
6786000,4.684240113377618e-06
6788000,4.678919238416111e-06
6790000,4.673600464133022e-06
6792000,4.668283792628116e-06
6794000,4.662969226000327e-06
6796000,4.657656766347765e-06
6798000,4.6523464157677064e-06
6800000,4.647038176356592e-06
6802000,4.6417320502100345e-06
6804000,4.636428039422801e-06
6806000,4.631126146088835e-06
6808000,4.625826372301244e-06
6810000,4.620528720152286e-06
6812000,4.615233191733398e-06
6814000,4.609939789135169e-06
6816000,4.604648514447344e-06
6818000,4.599359369758841e-06
6820000,4.59407235715773e-06
6822000,4.5887874787312415e-06
6824000,4.583504736565761e-06
6826000,4.578224132746825e-06
6828000,4.5729456693591355e-06
6830000,4.56766934848655e-06
6832000,4.562395172212073e-06
6834000,4.557123142617868e-06
6836000,4.5518532617852505e-06
6838000,4.546585531794684e-06
6840000,4.5413199547257795e-06
6842000,4.5360565326573085e-06
6844000,4.530795267667186e-06
6846000,4.52553616183248e-06
6848000,4.520279217229395e-06
6850000,4.515024435933294e-06
6852000,4.5097718200186824e-06
6854000,4.504521371559206e-06
6856000,4.4992730926276595e-06
6858000,4.494026985295985e-06
6860000,4.488783051635255e-06
6862000,4.483541293715696e-06
6864000,4.47830171360667e-06
6866000,4.473064313376681e-06
6868000,4.467829095093374e-06
6870000,4.462596060823529e-06
6872000,4.457365212633059e-06
6874000,4.452136552587025e-06
6876000,4.446910082749619e-06
6878000,4.441685805184168e-06
6880000,4.436463721953138e-06
6882000,4.431243835118118e-06
6884000,4.426026146739843e-06
6886000,4.420810658878168e-06
6888000,4.415597373592086e-06
6890000,4.410386292939725e-06
6892000,4.405177418978329e-06
6894000,4.399970753764284e-06
6896000,4.394766299353098e-06
6898000,4.389564057799411e-06
6900000,4.384364031156978e-06
6902000,4.3791662214786944e-06
6904000,4.373970630816566e-06
6906000,4.368777261221735e-06
6908000,4.3635861147444575e-06
6910000,4.35839719343412e-06
6912000,4.353210499339228e-06
6914000,4.3480260345074e-06
6916000,4.342843800985385e-06
6918000,4.3376638008190436e-06
6920000,4.332486036053359e-06
6922000,4.3273105087324316e-06
6924000,4.32213722089948e-06
6926000,4.316966174596831e-06
6928000,4.3117973718659335e-06
6930000,4.306630814747354e-06
6932000,4.301466505280759e-06
6934000,4.296304445504946e-06
6936000,4.291144637457803e-06
6938000,4.285987083176348e-06
6940000,4.280831784696699e-06
6942000,4.275678744054088e-06
6944000,4.2705279632828556e-06
6946000,4.2653794444164465e-06
6948000,4.260233189487411e-06
6950000,4.255089200527411e-06
6952000,4.249947479567214e-06
6954000,4.244808028636688e-06
6956000,4.23967084976481e-06
6958000,4.234535944979652e-06
6960000,4.229403316308399e-06
6962000,4.224272965777325e-06
6964000,4.219144895411814e-06
6966000,4.2140191072363465e-06
6968000,4.208895603274507e-06
6970000,4.203774385548967e-06
6972000,4.198655456081504e-06
6974000,4.193538816892993e-06
6976000,4.188424470003403e-06
6978000,4.183312417431794e-06
6980000,4.178202661196321e-06
6982000,4.173095203314238e-06
6984000,4.167990045801888e-06
6986000,4.162887190674707e-06
6988000,4.1577866399472214e-06
6990000,4.152688395633051e-06
6992000,4.147592459744898e-06
6994000,4.142498834294554e-06
6996000,4.1374075212929074e-06
6998000,4.1323185227499235e-06
7000000,4.1272318406746655e-06
7002000,4.1221474770752666e-06
7004000,4.117065433958956e-06
7006000,4.111985713332048e-06
7008000,4.106908317199929e-06
7010000,4.101833247567077e-06
7012000,4.096760506437055e-06
7014000,4.0916900958124896e-06
7016000,4.086622017695106e-06
7018000,4.081556274085701e-06
7020000,4.076492866984149e-06
7022000,4.071431798389406e-06
7024000,4.066373070299499e-06
7026000,4.061316684711528e-06
7028000,4.05626264362168e-06
7030000,4.051210949025211e-06
7032000,4.046161602916448e-06
7034000,4.041114607288795e-06
7036000,4.036069964134723e-06
7038000,4.031027675445782e-06
7040000,4.025987743212581e-06
7042000,4.020950169424808e-06
7044000,4.015914956071223e-06
7046000,4.01088210513964e-06
7048000,4.005851618616952e-06
7050000,4.000823498489117e-06
7052000,3.995797746741159e-06
7054000,3.990774365357158e-06
7056000,3.985753356320274e-06
7058000,3.980734721612714e-06
7060000,3.97571846321576e-06
7062000,3.970704583109749e-06
7064000,3.965693083274084e-06
7066000,3.960683965687229e-06
7068000,3.955677232326699e-06
7070000,3.950672885169071e-06
7072000,3.945670926189985e-06
7074000,3.940671357364136e-06
7076000,3.935674180665273e-06
7078000,3.930679398066205e-06
7080000,3.92568701153879e-06
7082000,3.920697023053943e-06
7084000,3.915709434581638e-06
7086000,3.910724248090888e-06
7088000,3.905741465549772e-06
7090000,3.900761088925408e-06
7092000,3.895783120183973e-06
7094000,3.89080756129069e-06
7096000,3.885834414209829e-06
7098000,3.8808636809047175e-06
7100000,3.875895363337716e-06
7102000,3.870929463470234e-06
7104000,3.865965983262733e-06
7106000,3.861004924674719e-06
7108000,3.8560462896647384e-06
7110000,3.851090080190383e-06
7112000,3.846136298208281e-06
7114000,3.841184945674113e-06
7116000,3.83623602454259e-06
7118000,3.831289536767468e-06
7120000,3.826345484301543e-06
7122000,3.821403869096653e-06
7124000,3.816464693103662e-06
7126000,3.811527958272482e-06
7128000,3.8065936665520607e-06
7130000,3.8016618198903723e-06
7132000,3.7967324202344383e-06
7134000,3.7918054695303e-06
7136000,3.7868809697230426e-06
7138000,3.7819589227567835e-06
7140000,3.777039330574666e-06
7142000,3.772122195118867e-06
7144000,3.7672075183306004e-06
7146000,3.7622953021500956e-06
7148000,3.757385548516617e-06
7150000,3.752478259368459e-06
7152000,3.747573436642942e-06
7154000,3.7426710822764183e-06
7156000,3.7377711982042492e-06
7158000,3.732873786360837e-06
7160000,3.7279788486796055e-06
7162000,3.72308638709299e-06
7164000,3.7181964035324636e-06
7166000,3.713308899928515e-06
7168000,3.708423878210648e-06
7170000,3.7035413403073936e-06
7172000,3.698661288146302e-06
7174000,3.6937837236539438e-06
7176000,3.6889086487558994e-06
7178000,3.684036065376769e-06
7180000,3.679165975440174e-06
7182000,3.67429838086875e-06
7184000,3.669433283584145e-06
7186000,3.664570685507024e-06
7188000,3.659710588557064e-06
7190000,3.654852994652951e-06
7192000,3.6499979057123904e-06
7194000,3.6451453236520886e-06
7196000,3.640295250387772e-06
7198000,3.6354476878341752e-06
7200000,3.6306026379050337e-06
7202000,3.6257601025130982e-06
7204000,3.6209200835701265e-06
7206000,3.616082582986883e-06
7208000,3.611247602673131e-06
7210000,3.6064151445376505e-06
7212000,3.601585210488213e-06
7214000,3.596757802431603e-06
7216000,3.591932922273605e-06
7218000,3.5871105719190043e-06
7220000,3.582290753271593e-06
7222000,3.5774734682341554e-06
7224000,3.5726587187084754e-06
7226000,3.5678465065953455e-06
7228000,3.563036833794547e-06
7230000,3.558229702204867e-06
7232000,3.5534251137240832e-06
7234000,3.548623070248969e-06
7236000,3.5438235736752993e-06
7238000,3.5390266258978336e-06
7240000,3.534232228810334e-06
7242000,3.529440384305555e-06
7244000,3.524651094275236e-06
7246000,3.519864360610115e-06
7248000,3.515080185199919e-06
7250000,3.510298569933364e-06
7252000,3.5055195166981608e-06
7254000,3.500743027380999e-06
7256000,3.4959691038675573e-06
7258000,3.491197748042511e-06
7260000,3.486428961789513e-06
7262000,3.481662746991207e-06
7264000,3.4768991055292217e-06
7266000,3.472138039284159e-06
7268000,3.4673795501356203e-06
7270000,3.462623639962175e-06
7272000,3.457870310641385e-06
7274000,3.4531195640497897e-06
7276000,3.44837140206291e-06
7278000,3.44362582655524e-06
7280000,3.4388828394002615e-06
7282000,3.4341424424704327e-06
7284000,3.4294046376371813e-06
7286000,3.4246694267709248e-06
7288000,3.4199368117410415e-06
7290000,3.415206794415896e-06
7292000,3.410479376662826e-06
7294000,3.40575456034814e-06
7296000,3.401032347337124e-06
7298000,3.3963127394940275e-06
7300000,3.3915957386820816e-06
7302000,3.3868813467634782e-06
7304000,3.3821695655993864e-06
7306000,3.377460397049945e-06
7308000,3.3727538429742617e-06
7310000,3.368049905230402e-06
7312000,3.3633485856754097e-06
7314000,3.358649886165295e-06
7316000,3.3539538085550236e-06
7318000,3.3492603546985356e-06
7320000,3.344569526448735e-06
7322000,3.33988132565748e-06
7324000,3.3351957541756017e-06
7326000,3.3305128138528905e-06
7328000,3.325832506538099e-06
7330000,3.3211548340789353e-06
7332000,3.316479798322067e-06
7334000,3.311807401113128e-06
7336000,3.3071376442967066e-06
7338000,3.3024705297163488e-06
7340000,3.297806059214558e-06
7342000,3.293144234632795e-06
7344000,3.288485057811473e-06
7346000,3.283828530589956e-06
7348000,3.2791746548065723e-06
7350000,3.274523432298597e-06
7352000,3.2698748649022643e-06
7354000,3.2652289544527453e-06
7356000,3.2605857027841774e-06
7358000,3.255945111729643e-06
7360000,3.2513071831211753e-06
7362000,3.24667191878975e-06
7364000,3.2420393205653034e-06
7366000,3.2374093902767033e-06
7368000,3.232782129751778e-06
7370000,3.2281575408172945e-06
7372000,3.2235356252989697e-06
7374000,3.218916385021465e-06
7376000,3.2142998218083794e-06
7378000,3.209685937482256e-06
7380000,3.205074733864587e-06
7382000,3.200466212775802e-06
7384000,3.195860376035272e-06
7386000,3.1912572254613123e-06
7388000,3.1866567628711683e-06
7390000,3.1820589900810336e-06
7392000,3.1774639089060305e-06
7394000,3.1728715211602295e-06
7396000,3.1682818286566334e-06
7398000,3.1636948332071755e-06
7400000,3.15911053662273e-06
7402000,3.154528940713107e-06
7404000,3.14995004728705e-06
7406000,3.145373858152226e-06
7408000,3.14080037511525e-06
7410000,3.1362295999816558e-06
7412000,3.131661534555913e-06
7414000,3.1270961806414223e-06
7416000,3.1225335400405143e-06
7418000,3.1179736145544502e-06
7420000,3.1134164059834093e-06
7422000,3.108861916126512e-06
7424000,3.1043101467817926e-06
7426000,3.0997610997462203e-06
7428000,3.095214776815687e-06
7430000,3.0906711797850133e-06
7432000,3.0861303104479314e-06
7434000,3.081592170597108e-06
7436000,3.0770567620241326e-06
7438000,3.0725240865195066e-06
7440000,3.067994145872664e-06
7442000,3.063466941871947e-06
7444000,3.0589424763046286e-06
7446000,3.054420750956895e-06
7448000,3.0499017676138524e-06
7450000,3.045385528059527e-06
7452000,3.0408720340768555e-06
7454000,3.0363612874476892e-06
7456000,3.0318532899528045e-06
7458000,3.0273480433718874e-06
7460000,3.0228455494835364e-06
7462000,3.0183458100652697e-06
7464000,3.013848826893505e-06
7466000,3.0093546017435847e-06
7468000,3.0048631363897604e-06
7470000,3.0003744326051852e-06
7472000,2.99588849216193e-06
7474000,2.9914053168309796e-06
7476000,2.9869249083822104e-06
7478000,2.982447268584423e-06
7480000,2.9779723992053166e-06
7482000,2.9735003020115036e-06
7484000,2.969030978768492e-06
7486000,2.964564431240698e-06
7488000,2.9601006611914472e-06
7490000,2.9556396703829646e-06
7492000,2.9511814605763795e-06
7494000,2.946726033531721e-06
7496000,2.942273391007927e-06
7498000,2.9378235347628236e-06
7500000,2.9333764665531427e-06
7502000,2.9289321881345197e-06
7504000,2.924490701261484e-06
7506000,2.920052007687469e-06
7508000,2.9156161091647923e-06
7510000,2.911183007444682e-06
7512000,2.9067527042772583e-06
7514000,2.902325201411528e-06
7516000,2.897900500595402e-06
7518000,2.8934786035756867e-06
7520000,2.8890595120980687e-06
7522000,2.884643227907141e-06
7524000,2.8802297527463816e-06
7526000,2.87581908835816e-06
7528000,2.8714112364837408e-06
7530000,2.867006198863269e-06
7532000,2.8626039772357837e-06
7534000,2.8582045733392113e-06
7536000,2.8538079889103705e-06
7538000,2.849414225684963e-06
7540000,2.8450232853975777e-06
7542000,2.8406351697816826e-06
7544000,2.836249880569645e-06
7546000,2.831867419492698e-06
7548000,2.827487788280973e-06
7550000,2.8231109886634815e-06
7552000,2.8187370223681083e-06
7554000,2.8143658911216294e-06
7556000,2.809997596649699e-06
7558000,2.8056321406768526e-06
7560000,2.8012695249264962e-06
7562000,2.7969097511209294e-06
7564000,2.7925528209813145e-06
7566000,2.788198736227702e-06
7568000,2.7838474985790153e-06
7570000,2.779499109753054e-06
7572000,2.7751535714664974e-06
7574000,2.7708108854348885e-06
7576000,2.7664710533726564e-06
7578000,2.762134076993092e-06
7580000,2.7577999580083697e-06
7582000,2.7534686981295284e-06
7584000,2.7491402990664856e-06
7586000,2.744814762528017e-06
7588000,2.7404920902217818e-06
7590000,2.736172283854303e-06
7592000,2.7318553451309676e-06
7594000,2.727541275756039e-06
7596000,2.7232300774326388e-06
7598000,2.7189217518627617e-06
7600000,2.7146163007472665e-06
7602000,2.7103137257858787e-06
7604000,2.706014028677188e-06
7606000,2.7017172111186445e-06
7608000,2.69742327480656e-06
7610000,2.693132221436117e-06
7612000,2.688844052701354e-06
7614000,2.6845587702951726e-06
7616000,2.6802763759093377e-06
7618000,2.6759968712344643e-06
7620000,2.671720257960039e-06
7622000,2.6674465377743967e-06
7624000,2.6631757123647343e-06
7626000,2.6589077834171087e-06
7628000,2.654642752616432e-06
7630000,2.650380621646467e-06
7632000,2.646121392189836e-06
7634000,2.641865065928017e-06
7636000,2.637611644541342e-06
7638000,2.633361129708993e-06
7640000,2.6291135231090013e-06
7642000,2.624868826418257e-06
7644000,2.620627041312502e-06
7646000,2.6163881694663245e-06
7648000,2.6121522125531634e-06
7650000,2.6079191722453106e-06
7652000,2.603689050213901e-06
7654000,2.5994618481289167e-06
7656000,2.595237567659192e-06
7658000,2.5910162104724076e-06
7660000,2.5867977782350903e-06
7662000,2.582582272612605e-06
7664000,2.5783696952691685e-06
7666000,2.574160047867843e-06
7668000,2.5699533320705266e-06
7670000,2.565749549537964e-06
7672000,2.5615487019297486e-06
7674000,2.5573507909042977e-06
7676000,2.553155818118887e-06
7678000,2.5489637852296237e-06
7680000,2.5447746938914587e-06
7682000,2.540588545758175e-06
7684000,2.5364053424824023e-06
7686000,2.5322250857155954e-06
7688000,2.5280477771080583e-06
7690000,2.5238734183089265e-06
7692000,2.51970201096617e-06
7694000,2.515533556726597e-06
7696000,2.5113680572358426e-06
7698000,2.507205514138384e-06
7700000,2.5030459290775226e-06
7702000,2.4988893036954002e-06
7704000,2.4947356396329863e-06
7706000,2.4905849385300844e-06
7708000,2.4864372020253183e-06
7710000,2.482292431756155e-06
7712000,2.478150629358883e-06
7714000,2.474011796468617e-06
7716000,2.469875934719309e-06
7718000,2.4657430457437234e-06
7720000,2.4616131311734657e-06
7722000,2.457486192638957e-06
7724000,2.4533622317694502e-06
7726000,2.4492412501930203e-06
7728000,2.445123249536565e-06
7730000,2.441008231425802e-06
7732000,2.4368961974852766e-06
7734000,2.432787149338358e-06
7736000,2.4286810886072283e-06
7738000,2.4245780169129037e-06
7740000,2.4204779358752024e-06
7742000,2.4163808471127764e-06
7744000,2.412286752243093e-06
7746000,2.4081956528824304e-06
7748000,2.4041075506458936e-06
7750000,2.400022447147402e-06
7752000,2.3959403439996866e-06
7754000,2.3918612428142965e-06
7756000,2.3877851452016002e-06
7758000,2.383712052770775e-06
7760000,2.3796419671298145e-06
7762000,2.3755748898855183e-06
7764000,2.3715108226435085e-06
7766000,2.3674497670082135e-06
7768000,2.3633917245828744e-06
7770000,2.359336696969541e-06
7772000,2.3552846857690796e-06
7774000,2.3512356925811535e-06
7776000,2.3471897190042418e-06
7778000,2.34314676663563e-06
7780000,2.3391068370714145e-06
7782000,2.335069931906498e-06
7784000,2.33103605273458e-06
7786000,2.327005201148175e-06
7788000,2.3229773787386038e-06
7790000,2.318952587095979e-06
7792000,2.314930827809229e-06
7794000,2.3109121024660822e-06
7796000,2.306896412653064e-06
7798000,2.302883759955506e-06
7800000,2.2988741459575414e-06
7802000,2.294867572242102e-06
7804000,2.290864040390921e-06
7806000,2.286863551984528e-06
7808000,2.2828661086022494e-06
7810000,2.2788717118222156e-06
7812000,2.274880363221351e-06
7814000,2.270892064375376e-06
7816000,2.2669068168588122e-06
7818000,2.2629246222449646e-06
7820000,2.2589454821059483e-06
7822000,2.2549693980126582e-06
7824000,2.2509963715347914e-06
7826000,2.2470264042408406e-06
7828000,2.243059497698078e-06
7830000,2.239095653472581e-06
7832000,2.2351348731292096e-06
7834000,2.231177158231622e-06
7836000,2.227222510342255e-06
7838000,2.2232709310223465e-06
7840000,2.2193224218319117e-06
7842000,2.2153769843297634e-06
7844000,2.211434620073496e-06
7846000,2.2074953306194947e-06
7848000,2.2035591175229287e-06
7850000,2.19962598233775e-06
7852000,2.1956959266167012e-06
7854000,2.191768951911302e-06
7856000,2.187845059771862e-06
7858000,2.183924251747472e-06
7860000,2.1800065293860066e-06
7862000,2.1760918942341163e-06
7864000,2.17218034783724e-06
7866000,2.1682718917395947e-06
7868000,2.164366527484175e-06
7870000,2.1604642566127596e-06
7872000,2.1565650806658985e-06
7874000,2.1526690011829276e-06
7876000,2.148776019701958e-06
7878000,2.144886137759875e-06
7880000,2.140999356892348e-06
7882000,2.137115678633812e-06
7884000,2.133235104517479e-06
7886000,2.129357636075341e-06
7888000,2.1254832748381615e-06
7890000,2.1216120223354762e-06
7892000,2.1177438800955983e-06
7894000,2.1138788496456026e-06
7896000,2.110016932511348e-06
7898000,2.106158130217452e-06
7900000,2.1023024442873137e-06
7902000,2.0984498762430936e-06
7904000,2.0946004276057283e-06
7906000,2.0907540998949144e-06
7908000,2.0869108946291246e-06
7910000,2.0830708133255934e-06
7912000,2.0792338575003274e-06
7914000,2.075400028668095e-06
7916000,2.071569328342426e-06
7918000,2.0677417580356247e-06
7920000,2.0639173192587543e-06
7922000,2.0600960135216438e-06
7924000,2.056277842332883e-06
7926000,2.0524628071998275e-06
7928000,2.048650909628592e-06
7930000,2.044842151124049e-06
7932000,2.0410365331898394e-06
7934000,2.037234057328361e-06
7936000,2.0334347250407736e-06
7938000,2.0296385378269874e-06
7940000,2.025845497185682e-06
7942000,2.022055604614289e-06
7944000,2.018268861608995e-06
7946000,2.0144852696647487e-06
7948000,2.010704830275254e-06
7950000,2.0069275449329638e-06
7952000,2.003153415129092e-06
7954000,1.999382442353608e-06
7956000,1.9956146280952316e-06
7958000,1.9918499738414333e-06
7960000,1.988088481078443e-06
7962000,1.984330151291234e-06
7964000,1.980574985963537e-06
7966000,1.9768229865778323e-06
7968000,1.97307415461535e-06
7970000,1.9693284915560717e-06
7972000,1.965585998878722e-06
7974000,1.9618466780607815e-06
7976000,1.95811053057847e-06
7978000,1.9543775579067616e-06
7980000,1.950647761519379e-06
7982000,1.9469211428887796e-06
7984000,1.9431977034861767e-06
7986000,1.9394774447815265e-06
7988000,1.9357603682435287e-06
7990000,1.9320464753396225e-06
7992000,1.928335767535998e-06
7994000,1.924628246297579e-06
7996000,1.92092391308804e-06
7998000,1.9172227693697925e-06
8000000,1.913524816603988e-06
8002000,1.909830056250525e-06
8004000,1.9061384897680306e-06
8006000,1.902450118613877e-06
8008000,1.8987649442441763e-06
8010000,1.8950829681137755e-06
8012000,1.8914041916762631e-06
8014000,1.887728616383962e-06
8016000,1.8840562436879278e-06
8018000,1.8803870750379567e-06
8020000,1.8767211118825808e-06
8022000,1.8730583556690592e-06
8024000,1.8693988078433963e-06
8026000,1.8657424698503165e-06
8028000,1.8620893431332884e-06
8030000,1.8584394291345085e-06
8032000,1.854792729294904e-06
8034000,1.8511492450541379e-06
8036000,1.8475089778505961e-06
8038000,1.843871929121397e-06
8040000,1.8402381003023917e-06
8042000,1.8366074928281596e-06
8044000,1.8329801081320051e-06
8046000,1.8293559476459664e-06
8048000,1.8257350128007988e-06
8050000,1.8221173050259966e-06
8052000,1.818502825749766e-06
8054000,1.8148915763990492e-06
8056000,1.8112835583995124e-06
8058000,1.8076787731755438e-06
8060000,1.804077222150252e-06
8062000,1.800478906745475e-06
8064000,1.796883828381772e-06
8066000,1.79329198847842e-06
8068000,1.789703388453424e-06
8070000,1.786118029723501e-06
8072000,1.7825359137040972e-06
8074000,1.7789570418093755e-06
8076000,1.775381415452217e-06
8078000,1.7718090360442224e-06
8080000,1.768239904995715e-06
8082000,1.764674023715726e-06
8084000,1.7611113936120077e-06
8086000,1.7575520160910324e-06
8088000,1.7539958925579863e-06
8090000,1.750443024416773e-06
8092000,1.7468934130700027e-06
8094000,1.74334705991901e-06
8096000,1.7398039663638394e-06
8098000,1.7362641338032445e-06
8100000,1.732727563634697e-06
8102000,1.7291942572543813e-06
8104000,1.7256642160571873e-06
8106000,1.7221374414367191e-06
8108000,1.7186139347852943e-06
8110000,1.7150936974939375e-06
8112000,1.7115767309523817e-06
8114000,1.7080630365490675e-06
8116000,1.704552615671146e-06
8118000,1.7010454697044792e-06
8120000,1.697541600033629e-06
8122000,1.6940410080418706e-06
8124000,1.6905436951111836e-06
8126000,1.6870496626222472e-06
8128000,1.6835589119544543e-06
8130000,1.6800714444858939e-06
8132000,1.6765872615933635e-06
8134000,1.6731063646523686e-06
8136000,1.6696287550371065e-06
8138000,1.6661544341204831e-06
8140000,1.6626834032741062e-06
8142000,1.659215663868287e-06
8144000,1.6557512172720296e-06
8146000,1.6522900648530454e-06
8148000,1.6488322079777401e-06
8150000,1.645377648011221e-06
8152000,1.6419263863172957e-06
8154000,1.6384784242584655e-06
8156000,1.635033763195936e-06
8158000,1.6315924044896009e-06
8160000,1.6281543494980529e-06
8162000,1.624719599578582e-06
8164000,1.6212881560871748e-06
8166000,1.6178600203785107e-06
8168000,1.614435193805965e-06
8170000,1.6110136777216008e-06
8172000,1.607595473476183e-06
8174000,1.6041805824191599e-06
8176000,1.6007690058986798e-06
8178000,1.5973607452615788e-06
8180000,1.5939558018533814e-06
8182000,1.5905541770183084e-06
8184000,1.5871558720992662e-06
8186000,1.5837608884378506e-06
8188000,1.5803692273743517e-06
8190000,1.5769808902477409e-06
8192000,1.573595878395678e-06
8194000,1.570214193154513e-06
8196000,1.5668358358592824e-06
8198000,1.563460807843708e-06
8200000,1.5600891104402011e-06
8202000,1.5567207449798479e-06
8204000,1.553355712792431e-06
8206000,1.5499940152064081e-06
8208000,1.5466356535489254e-06
8210000,1.5432806291458108e-06
8212000,1.5399289433215775e-06
8214000,1.5365805973994136e-06
8216000,1.533235592701196e-06
8218000,1.5298939305474797e-06
8220000,1.5265556122574983e-06
8222000,1.5232206391491685e-06
8224000,1.519889012539083e-06
8226000,1.5165607337425146e-06
8228000,1.5132358040734183e-06
8230000,1.5099142248444218e-06
8232000,1.506595997366834e-06
8234000,1.5032811229506348e-06
8236000,1.4999696029044894e-06
8238000,1.4966614385357268e-06
8240000,1.493356631150362e-06
8242000,1.4900551820530793e-06
8244000,1.4867570925472427e-06
8246000,1.4834623639348785e-06
8248000,1.4801709975166987e-06
8250000,1.4768829945920823e-06
8252000,1.473598356459077e-06
8254000,1.4703170844144086e-06
8256000,1.4670391797534742e-06
8258000,1.463764643770332e-06
8260000,1.4604934777577216e-06
8262000,1.4572256830070461e-06
8264000,1.4539612608083818e-06
8266000,1.4507002124504687e-06
8268000,1.4474425392207147e-06
8270000,1.4441882424052e-06
8272000,1.4409373232886693e-06
8274000,1.4376897831545332e-06
8276000,1.43444562328487e-06
8278000,1.4312048449604265e-06
8280000,1.4279674494606054e-06
8282000,1.424733438063478e-06
8284000,1.4215028120457829e-06
8286000,1.418275572682921e-06
8288000,1.4150517212489566e-06
8290000,1.4118312590166116e-06
8292000,1.4086141872572755e-06
8294000,1.4054005072409959e-06
8296000,1.4021902202364867e-06
8298000,1.398983327511113e-06
8300000,1.39577983033091e-06
8302000,1.3925797299605638e-06
8304000,1.3893830276634247e-06
8306000,1.3861897247015001e-06
8308000,1.3829998223354559e-06
8310000,1.379813321824617e-06
8312000,1.3766302244269616e-06
8314000,1.3734505313991233e-06
8316000,1.370274243996397e-06
8318000,1.3671013634727305e-06
8320000,1.3639318910807277e-06
8322000,1.3607658280716464e-06
8324000,1.3576031756953955e-06
8326000,1.3544439352005445e-06
8328000,1.3512881078343055e-06
8330000,1.3481356948425527e-06
8332000,1.344986697469811e-06
8334000,1.3418411169592492e-06
8336000,1.3386989545526962e-06
8338000,1.3355602114906275e-06
8340000,1.3324248890121718e-06
8342000,1.329292988355099e-06
8344000,1.3261645107558387e-06
8346000,1.3230394574494613e-06
8348000,1.3199178296696895e-06
8350000,1.316799628648892e-06
8352000,1.3136848556180863e-06
8354000,1.3105735118069367e-06
8356000,1.3074655984437482e-06
8358000,1.3043611167554807e-06
8360000,1.3012600679677303e-06
8362000,1.2981624533047423e-06
8364000,1.2950682739894085e-06
8366000,1.2919775312432628e-06
8368000,1.2888902262864769e-06
8370000,1.2858063603378715e-06
8372000,1.2827259346149117e-06
8374000,1.2796489503336955e-06
8376000,1.2765754087089724e-06
8378000,1.273505310954123e-06
8380000,1.2704386582811758e-06
8382000,1.2673754519007974e-06
8384000,1.2643156930222922e-06
8386000,1.261259382853607e-06
8388000,1.258206522601322e-06
8390000,1.2551571134706577e-06
8392000,1.2521111566654721e-06
8394000,1.2490686533882625e-06
8396000,1.2460296048401612e-06
8398000,1.2429940122209364e-06
8400000,1.2399618767289904e-06
8402000,1.2369331995613635e-06
8404000,1.2339079819137304e-06
8406000,1.230886224980396e-06
8408000,1.2278679299543043e-06
8410000,1.2248530980270316e-06
8412000,1.2218417303887833e-06
8414000,1.2188338282283999e-06
8416000,1.2158293927333545e-06
8418000,1.2128284250897518e-06
8420000,1.2098309264823251e-06
8422000,1.206836898094438e-06
8424000,1.2038463411080862e-06
8426000,1.2008592567038948e-06
8428000,1.1978756460611176e-06
8430000,1.1948955103576357e-06
8432000,1.1919188507699633e-06
8434000,1.188945668473235e-06
8436000,1.1859759646412152e-06
8438000,1.1830097404462971e-06
8440000,1.1800469970594986e-06
8442000,1.1770877356504673e-06
8444000,1.1741319573874677e-06
8446000,1.1711796634373974e-06
8448000,1.1682308549657751e-06
8450000,1.1652855331367418e-06
8452000,1.1623436991130642e-06
8454000,1.1594053540561354e-06
8456000,1.1564704991259632e-06
8458000,1.153539135481183e-06
8460000,1.150611264279052e-06
8462000,1.1476868866754452e-06
8464000,1.144766003824865e-06
8466000,1.1418486168804264e-06
8468000,1.1389347269938652e-06
8470000,1.1360243353155427e-06
8472000,1.1331174429944332e-06
8474000,1.130214051178134e-06
8476000,1.1273141610128586e-06
8478000,1.1244177736434344e-06
8480000,1.1215248902133122e-06
8482000,1.118635511864554e-06
8484000,1.1157496397378416e-06
8486000,1.1128672749724752e-06
8488000,1.109988418706361e-06
8490000,1.1071130720760277e-06
8492000,1.1042412362166183e-06
8494000,1.1013729122618894e-06
8496000,1.098508101344205e-06
8498000,1.0956468045945518e-06
8500000,1.0927890231425205e-06
8502000,1.0899347581163207e-06
8504000,1.087084010642769e-06
8506000,1.0842367818472973e-06
8508000,1.0813930728539475e-06
8510000,1.0785528847853674e-06
8512000,1.0757162187628208e-06
8514000,1.0728830759061766e-06
8516000,1.0700534573339156e-06
8518000,1.0672273641631266e-06
8520000,1.064404797509508e-06
8522000,1.0615857584873609e-06
8524000,1.0587702482095991e-06
8526000,1.055958267787744e-06
8528000,1.0531498183319162e-06
8530000,1.0503449009508522e-06
8532000,1.0475435167518828e-06
8534000,1.0447456668409546e-06
8536000,1.041951352322613e-06
8538000,1.0391605743000085e-06
8540000,1.0363733338748991e-06
8542000,1.033589632147642e-06
8544000,1.0308094702171953e-06
8546000,1.028032849181125e-06
8548000,1.0252597701355968e-06
8550000,1.0224902341753791e-06
8552000,1.0197242423938432e-06
8554000,1.0169617958829543e-06
8556000,1.0142028957332857e-06
8558000,1.011447543034005e-06
8560000,1.008695738872882e-06
8562000,1.0059474843362878e-06
8564000,1.0032027805091902e-06
8566000,1.0004616284751509e-06
8568000,9.977240293163357e-07
8570000,9.949899841135044e-07
8572000,9.92259493946018e-07
8574000,9.895325598918288e-07
8576000,9.868091830274845e-07
8578000,9.84089364428133e-07
8580000,9.813731051675162e-07
8582000,9.7866040631797e-07
8584000,9.759512689504242e-07
8586000,9.732456941344066e-07
8588000,9.705436829380328e-07
8590000,9.678452364280117e-07
8592000,9.651503556696502e-07
8594000,9.624590417268437e-07
8596000,9.597712956620825e-07
8598000,9.570871185364422e-07
8600000,9.544065114095952e-07
8602000,9.517294753398049e-07
8604000,9.490560113839181e-07
8606000,9.463861205973795e-07
8608000,9.437198040342205e-07
8610000,9.410570627470577e-07
8612000,9.383978977871006e-07
8614000,9.357423102041446e-07
8616000,9.330903010465769e-07
8618000,9.304418713613634e-07
8620000,9.277970221940685e-07
8622000,9.251557545888296e-07
8624000,9.225180695883824e-07
8626000,9.198839682340405e-07
8628000,9.172534515657079e-07
8630000,9.146265206218714e-07
8632000,9.120031764395972e-07
8634000,9.093834200545456e-07
8636000,9.067672525009493e-07
8638000,9.041546748116345e-07
8640000,9.015456880180037e-07
8642000,8.989402931500421e-07
8644000,8.963384912363202e-07
8646000,8.937402833039884e-07
8648000,8.911456703787777e-07
8650000,8.885546534849995e-07
8652000,8.859672336455481e-07
8654000,8.833834118818916e-07
8656000,8.808031892140865e-07
8658000,8.782265666607613e-07
8660000,8.756535452391255e-07
8662000,8.730841259649712e-07
8664000,8.705183098526614e-07
8666000,8.67956097915138e-07
8668000,8.653974911639229e-07
8670000,8.628424906091148e-07
8672000,8.602910972593869e-07
8674000,8.577433121219891e-07
8676000,8.551991362027456e-07
8678000,8.526585705060575e-07
8680000,8.501216160349012e-07
8682000,8.475882737908236e-07
8684000,8.450585447739512e-07
8686000,8.425324299829762e-07
8688000,8.400099304151721e-07
8690000,8.374910470663811e-07
8692000,8.349757809310189e-07
8694000,8.324641330020733e-07
8696000,8.299561042711036e-07
8698000,8.274516957282353e-07
8700000,8.249509083621732e-07
8702000,8.224537431601876e-07
8704000,8.199602011081198e-07
8706000,8.174702831903812e-07
8708000,8.149839903899525e-07
8710000,8.125013236883826e-07
8712000,8.100222840657865e-07
8714000,8.075468725008504e-07
8716000,8.050750899708302e-07
8718000,8.026069374515452e-07
8720000,8.001424159173818e-07
8722000,7.976815263412949e-07
8724000,7.952242696948062e-07
8726000,7.927706469479998e-07
8728000,7.903206590695264e-07
8730000,7.878743070266057e-07
8732000,7.854315917850151e-07
8734000,7.829925143091009e-07
8736000,7.805570755617729e-07
8738000,7.781252765045043e-07
8740000,7.756971180973315e-07
8742000,7.732726012988522e-07
8744000,7.70851727066224e-07
8746000,7.684344963551736e-07
8748000,7.660209101199833e-07
8750000,7.636109693135006e-07
8752000,7.612046748871315e-07
8754000,7.588020277908414e-07
8756000,7.564030289731605e-07
8758000,7.540076793811712e-07
8760000,7.516159799605216e-07
8762000,7.492279316554195e-07
8764000,7.468435354086234e-07
8766000,7.444627921614588e-07
8768000,7.420857028538041e-07
8770000,7.397122684240986e-07
8772000,7.373424898093328e-07
8774000,7.349763679450615e-07
8776000,7.326139037653888e-07
8778000,7.302550982029798e-07
8780000,7.278999521890538e-07
8782000,7.25548466653385e-07
8784000,7.232006425243042e-07
8786000,7.20856480728692e-07
8788000,7.185159821919895e-07
8790000,7.161791478381851e-07
8792000,7.138459785898254e-07
8794000,7.115164753680103e-07
8796000,7.091906390923896e-07
8798000,7.068684706811656e-07
8800000,7.045499710510949e-07
8802000,7.022351411174854e-07
8804000,6.999239817941927e-07
8806000,6.976164939936292e-07
8808000,6.953126786267494e-07
8810000,6.93012536603067e-07
8812000,6.907160688306413e-07
8814000,6.884232762160814e-07
8816000,6.861341596645454e-07
8818000,6.838487200797417e-07
8820000,6.815669583639207e-07
8822000,6.792888754178895e-07
8824000,6.770144721409988e-07
8826000,6.74743749431147e-07
8828000,6.724767081847815e-07
8830000,6.702133492968898e-07
8832000,6.679536736610147e-07
8834000,6.656976821692362e-07
8836000,6.63445375712185e-07
8838000,6.611967551790388e-07
8840000,6.589518214575164e-07
8842000,6.567105754338788e-07
8844000,6.544730179929371e-07
8846000,6.522391500180436e-07
8848000,6.500089723910962e-07
8850000,6.477824859925297e-07
8852000,6.455596917013262e-07
8854000,6.433405903950118e-07
8856000,6.411251829496501e-07
8858000,6.389134702398503e-07
8860000,6.367054531387617e-07
8862000,6.345011325180762e-07
8864000,6.323005092480217e-07
8866000,6.301035841973691e-07
8868000,6.279103582334312e-07
8870000,6.257208322220588e-07
8872000,6.235350070276436e-07
8874000,6.213528835131111e-07
8876000,6.19174462539931e-07
8878000,6.169997449681109e-07
8880000,6.14828731656193e-07
8882000,6.126614234612583e-07
8884000,6.104978212389279e-07
8886000,6.083379258433565e-07
8888000,6.061817381272363e-07
8890000,6.040292589417963e-07
8892000,6.018804891368026e-07
8894000,5.997354295605552e-07
8896000,5.97594081059887e-07
8898000,5.954564444801692e-07
8900000,5.933225206653094e-07
8902000,5.911923104577445e-07
8904000,5.890658146984486e-07
8906000,5.869430342269302e-07
8908000,5.848239698812265e-07
8910000,5.827086224979131e-07
8912000,5.805969929120939e-07
8914000,5.784890819574054e-07
8916000,5.763848904660221e-07
8918000,5.742844192686417e-07
8920000,5.721876691944975e-07
8922000,5.700946410713539e-07
8924000,5.680053357255069e-07
8926000,5.659197539817776e-07
8928000,5.638378966635241e-07
8930000,5.617597645926268e-07
8932000,5.596853585895027e-07
8934000,5.576146794730922e-07
8936000,5.555477280608682e-07
8938000,5.534845051688312e-07
8940000,5.514250116115075e-07
8942000,5.493692482019523e-07
8944000,5.473172157517474e-07
8946000,5.452689150710048e-07
8948000,5.432243469683599e-07
8950000,5.411835122509782e-07
8952000,5.391464117245463e-07
8954000,5.371130461932798e-07
8956000,5.350834164599199e-07
8958000,5.330575233257312e-07
8960000,5.31035367590506e-07
8962000,5.29016950052557e-07
8964000,5.270022715087246e-07
8966000,5.249913327543725e-07
8968000,5.229841345833868e-07
8970000,5.209806777881792e-07
8972000,5.189809631596802e-07
8974000,5.169849914873463e-07
8976000,5.14992763559156e-07
8978000,5.130042801616091e-07
8980000,5.110195420797264e-07
8982000,5.090385500970544e-07
8984000,5.070613049956522e-07
8986000,5.050878075561109e-07
8988000,5.031180585575305e-07
8990000,5.01152058777539e-07
8992000,4.991898089922812e-07
8994000,4.972313099764263e-07
8996000,4.952765625031523e-07
8998000,4.933255673441665e-07
9000000,4.913783252696905e-07
9002000,4.894348370484639e-07
9004000,4.874951034477463e-07
9006000,4.855591252333117e-07
9008000,4.836269031694544e-07
9010000,4.816984380189852e-07
9012000,4.79773730543233e-07
9014000,4.778527815020399e-07
9016000,4.7593559165376815e-07
9018000,4.740221617552924e-07
9020000,4.721124925620039e-07
9022000,4.7020658482781183e-07
9024000,4.683044393051354e-07
9026000,4.6640605674491613e-07
9028000,4.6451143789660014e-07
9030000,4.6262058350815687e-07
9032000,4.6073349432606474e-07
9034000,4.588501710953145e-07
9036000,4.569706145594147e-07
9038000,4.550948254603852e-07
9040000,4.5322280453875466e-07
9042000,4.5135455253356974e-07
9044000,4.4949007018238597e-07
9046000,4.4762935822127237e-07
9048000,4.45772417384808e-07
9050000,4.439192484060831e-07
9052000,4.42069852016698e-07
9054000,4.402242289467687e-07
9056000,4.3838237992491565e-07
9058000,4.365443056782717e-07
9060000,4.347100069324819e-07
9062000,4.328794844116937e-07
9064000,4.310527388385735e-07
9066000,4.2922977093428766e-07
9068000,4.2741058141851726e-07
9070000,4.2559517100944887e-07
9072000,4.2378354042377697e-07
9074000,4.2197569037670505e-07
9076000,4.2017162158194434e-07
9078000,4.1837133475171297e-07
9080000,4.1657483059673463e-07
9082000,4.1478210982624087e-07
9084000,4.129931731479689e-07
9086000,4.1120802126816376e-07
9088000,4.09426654891574e-07
9090000,4.076490747214559e-07
9092000,4.058752814595715e-07
9094000,4.041052758061828e-07
9096000,4.0233905846006204e-07
9098000,4.0057663011848245e-07
9100000,3.9881799147722306e-07
9102000,3.9706314323056856e-07
9104000,3.953120860713036e-07
9106000,3.9356482069071863e-07
9108000,3.918213477786062e-07
9110000,3.9008166802326024e-07
9112000,3.883457821114803e-07
9114000,3.86613690728567e-07
9116000,3.8488539455832115e-07
9118000,3.8316089428304814e-07
9120000,3.814401905835522e-07
9122000,3.7972328413913995e-07
9124000,3.780101756276203e-07
9126000,3.7630086572530125e-07
9128000,3.7459535510698954e-07
9130000,3.728936444459933e-07
9132000,3.7119573441412296e-07
9134000,3.695016256816867e-07
9136000,3.678113189174907e-07
9138000,3.6612481478884114e-07
9140000,3.644421139615443e-07
9142000,3.627632170999022e-07
9144000,3.610881248667179e-07
9146000,3.5941683792329136e-07
9148000,3.577493569294203e-07
9150000,3.560856825433982e-07
9152000,3.5442581542201854e-07
9154000,3.527697562205716e-07
9156000,3.5111750559284105e-07
9158000,3.494690641911118e-07
9160000,3.4782443266615995e-07
9162000,3.4618361166726054e-07
9164000,3.445466018421855e-07
9166000,3.4291340383719773e-07
9168000,3.412840182970616e-07
9170000,3.396584458650303e-07
9172000,3.380366871828527e-07
9174000,3.364187428907755e-07
9176000,3.348046136275367e-07
9178000,3.331943000303699e-07
9180000,3.31587802735001e-07
9182000,3.299851223756494e-07
9184000,3.283862595850267e-07
9186000,3.267912149943424e-07
9188000,3.2519998923329065e-07
9190000,3.2361258293006337e-07
9192000,3.220289967113459e-07
9194000,3.2044923120230927e-07
9196000,3.1887328702662135e-07
9198000,3.17301164806441e-07
9200000,3.157328651624174e-07
9202000,3.1416838871368973e-07
9204000,3.126077360778861e-07
9206000,3.110509078711304e-07
9208000,3.094979047080331e-07
9210000,3.0794872720169394e-07
9212000,3.064033759637058e-07
9214000,3.0486185160414957e-07
9216000,3.033241547315918e-07
9218000,3.017902859530913e-07
9220000,3.002602458741959e-07
9222000,2.9873403509894144e-07
9224000,2.9721165422985135e-07
9226000,2.956931038679383e-07
9228000,2.941783846127005e-07
9230000,2.926674970621251e-07
9232000,2.911604418126895e-07
9234000,2.896572194593522e-07
9236000,2.881578305955629e-07
9238000,2.866622758132559e-07
9240000,2.851705557028522e-07
9242000,2.836826708532597e-07
9244000,2.8219862185187295e-07
9246000,2.807184092845699e-07
9248000,2.792420337357154e-07
9250000,2.777694957881588e-07
9252000,2.763007960232339e-07
9254000,2.748359350207613e-07
9256000,2.733749133590441e-07
9258000,2.71917731614873e-07
9260000,2.704643903635168e-07
9262000,2.690148901787343e-07
9264000,2.675692316327633e-07
9266000,2.661274152963273e-07
9268000,2.6468944173863423e-07
9270000,2.632553115273712e-07
9272000,2.618250252287108e-07
9274000,2.60398583407307e-07
9276000,2.589759866262981e-07
9278000,2.5755723544730165e-07
9280000,2.561423304304184e-07
9282000,2.5473127213422827e-07
9284000,2.5332406111579783e-07
9286000,2.519206979306705e-07
9288000,2.505211831328709e-07
9290000,2.491255172749081e-07
9292000,2.4773370090776583e-07
9294000,2.463457345809124e-07
9296000,2.44961618842295e-07
9298000,2.435813542383399e-07
9300000,2.4220494131395447e-07
9302000,2.4083238061252634e-07
9304000,2.3946367267591655e-07
9306000,2.380988180444728e-07
9308000,2.3673781725701741e-07
9310000,2.353806708508506e-07
9312000,2.3402737936175491e-07
9314000,2.3267794332398522e-07
9316000,2.3133236327027867e-07
9318000,2.2999063973184922e-07
9320000,2.2865277323838877e-07
9322000,2.273187643180648e-07
9324000,2.2598861349752492e-07
9326000,2.2466232130188797e-07
9328000,2.233398882547551e-07
9330000,2.2202131487820201e-07
9332000,2.2070660169278126e-07
9334000,2.1939574921751986e-07
9336000,2.180887579699216e-07
9338000,2.16785628465966e-07
9340000,2.1548636122010928e-07
9342000,2.1419095674527892e-07
9344000,2.128994155528814e-07
9346000,2.116117381527978e-07
9348000,2.103279250533814e-07
9350000,2.0904797676146126e-07
9352000,2.0777189378234096e-07
9354000,2.0649967661979973e-07
9356000,2.0523132577608693e-07
9358000,2.0396684175192538e-07
9360000,2.0270622504651684e-07
9362000,2.0144947615753097e-07
9364000,2.0019659558111316e-07
9366000,1.9894758381187995e-07
9368000,1.977024413429225e-07
9370000,1.9646116866580313e-07
9372000,1.952237662705565e-07
9374000,1.9399023464568745e-07
9376000,1.9276057427817754e-07
9378000,1.9153478565347728e-07
9380000,1.903128692555063e-07
9382000,1.890948255666587e-07
9384000,1.8788065506780094e-07
9386000,1.8667035823826406e-07
9388000,1.8546393555585807e-07
9390000,1.842613874968586e-07
9392000,1.8306271453601153e-07
9394000,1.8186791714653383e-07
9396000,1.8067699580011376e-07
9398000,1.7948995096690744e-07
9400000,1.7830678311554225e-07
9402000,1.7712749271311342e-07
9404000,1.7595208022518523e-07
9406000,1.7478054611579317e-07
9408000,1.7361289084744056e-07
9410000,1.7244911488109757e-07
9412000,1.712892186762078e-07
9414000,1.701332026906761e-07
9416000,1.6898106738088179e-07
9418000,1.6783281320166775e-07
9420000,1.66688440606348e-07
9422000,1.655479500467034e-07
9424000,1.6441134197297936e-07
9426000,1.6327861683389134e-07
9428000,1.6214977507662277e-07
9430000,1.6102481714682162e-07
9432000,1.599037434886026e-07
9434000,1.5878655454454952e-07
9436000,1.576732507557084e-07
9438000,1.5656383256159658e-07
9440000,1.5545830040019373e-07
9442000,1.5435665470794516e-07
9444000,1.532588959197663e-07
9446000,1.521650244690327e-07
9448000,1.5107504078758675e-07
9450000,1.4998894530573863e-07
9452000,1.4890673845226093e-07
9454000,1.4782842065439077e-07
9456000,1.467539923378332e-07
9458000,1.4568345392675336e-07
9460000,1.4461680584378316e-07
9462000,1.435540485100191e-07
9464000,1.4249518234502117e-07
9466000,1.4144020776681272e-07
9468000,1.4038912519188057e-07
9470000,1.3934193503517506e-07
9472000,1.3829863771011102e-07
9474000,1.3725923362856568e-07
9476000,1.3622372320087968e-07
9478000,1.35192106835856e-07
9480000,1.3416438494075997e-07
9482000,1.3314055792131927e-07
9484000,1.32120626181725e-07
9486000,1.311045901246318e-07
9488000,1.300924501511532e-07
9490000,1.2908420666086516e-07
9492000,1.2807986005180815e-07
9494000,1.2707941072048056e-07
9496000,1.2608285906184534e-07
9498000,1.2509020546932335e-07
9500000,1.241014503348022e-07
9502000,1.2311659404862304e-07
9504000,1.2213563699959259e-07
9506000,1.2115857957497776e-07
9508000,1.2018542216050553e-07
9510000,1.1921616514036193e-07
9512000,1.1825080889719531e-07
9514000,1.1728935381211193e-07
9516000,1.163318002646804e-07
9518000,1.1537814863292608e-07
9520000,1.1442839929333783e-07
9522000,1.1348255262086017e-07
9524000,1.1254060898889775e-07
9526000,1.1160256876931644e-07
9528000,1.1066843233243776e-07
9530000,1.0973820004704564e-07
9532000,1.0881187228038184e-07
9534000,1.0788944939814386e-07
9536000,1.069709317644904e-07
9538000,1.0605631974203805e-07
9540000,1.0514561369186021e-07
9542000,1.042388139734904e-07
9544000,1.0333592094491779e-07
9546000,1.0243693496259061e-07
9548000,1.0154185638141497e-07
9550000,1.0065068555475262e-07
9552000,9.976342283442439e-08
9554000,9.888006857070783e-08
9556000,9.800062311233624e-08
9558000,9.712508680650077e-08
9560000,9.625345999884935e-08
9562000,9.538574303348788e-08
9564000,9.452193625297565e-08
9566000,9.366203999833098e-08
9568000,9.280605460902678e-08
9570000,9.195398042299271e-08
9572000,9.110581777661306e-08
9574000,9.026156700472996e-08
9576000,8.942122844064124e-08
9578000,8.85848024160982e-08
9580000,8.775228926130782e-08
9582000,8.692368930493385e-08
9584000,8.609900287409575e-08
9586000,8.527823029436419e-08
9588000,8.446137188976887e-08
9590000,8.364842798279181e-08
9592000,8.283939889437186e-08
9594000,8.203428494389798e-08
9596000,8.123308644921924e-08
9598000,8.043580372663486e-08
9600000,7.96424370908997e-08
9602000,7.885298685522214e-08
9604000,7.806745333126398e-08
9606000,7.728583682914271e-08
9608000,7.650813765742705e-08
9610000,7.573435612314253e-08
9612000,7.496449253176255e-08
9614000,7.419854718721956e-08
9616000,7.3436520391895e-08
9618000,7.267841244662602e-08
9620000,7.192422365070208e-08
9622000,7.117395430186394e-08
9624000,7.042760469630574e-08
9626000,6.968517512867515e-08
9628000,6.894666589207214e-08
9630000,6.821207727804795e-08
9632000,6.748140957660615e-08
9634000,6.675466307620264e-08
9636000,6.603183806374685e-08
9638000,6.531293482459716e-08
9640000,6.459795364256544e-08
9642000,6.388689479991589e-08
9644000,6.317975857736175e-08
9646000,6.247654525407194e-08
9648000,6.177725510765994e-08
9650000,6.108188841419712e-08
9652000,6.03904454482028e-08
9654000,5.970292648264861e-08
9656000,5.9019331788953e-08
9658000,5.8339661636992314e-08
9660000,5.766391629508747e-08
9662000,5.699209603001063e-08
9664000,5.6324201106989635e-08
9666000,5.566023178969468e-08
9668000,5.5000188340252754e-08
9670000,5.434407101923875e-08
9672000,5.3691880085676585e-08
9674000,5.3043615797040296e-08
9676000,5.239927840925628e-08
9678000,5.17588681766966e-08
9680000,5.1122385352186816e-08
9682000,5.048983018699814e-08
9684000,4.986120293085527e-08
9686000,4.923650383193079e-08
9688000,4.861573313684408e-08
9690000,4.799889109066579e-08
9692000,4.7385977936916677e-08
9694000,4.677699391756429e-08
9696000,4.617193927302632e-08
9698000,4.557081424216836e-08
9700000,4.4973619062305014e-08
9702000,4.438035396919993e-08
9704000,4.379101919706463e-08
9706000,4.3205614978558575e-08
9708000,4.2624141544791336e-08
9710000,4.204659912531706e-08
9712000,4.1472987948143365e-08
9714000,4.090330823972022e-08
9716000,4.0337560224949953e-08
9718000,3.977574412718056e-08
9720000,3.9217860168207954e-08
9722000,3.8663908568275964e-08
9724000,3.8113889546075213e-08
9726000,3.7567803318744225e-08
9728000,3.702565010187055e-08
9730000,3.648743010948854e-08
9732000,3.5953143554075995e-08
9734000,3.542279064656309e-08
9736000,3.489637159632345e-08
9738000,3.437388661117972e-08
9740000,3.385533589740023e-08
9742000,3.334071965970124e-08
9744000,3.283003810124467e-08
9746000,3.2323291423639255e-08
9748000,3.182047982694052e-08
9750000,3.13216035096519e-08
9752000,3.0826662668720296e-08
9754000,3.033565749954164e-08
9756000,2.984858819595531e-08
9758000,2.9365454950249716e-08
9760000,2.888625795315896e-08
9762000,2.8410997393860597e-08
9764000,2.793967345998121e-08
9766000,2.747228633759196e-08
9768000,2.7008836211210803e-08
9770000,2.654932326379805e-08
9772000,2.6093747676763033e-08
9774000,2.5642109629961885e-08
9776000,2.519440930169087e-08
9778000,2.4750646868697493e-08
9780000,2.4310822506171617e-08
9782000,2.3874936387747685e-08
9784000,2.3442988685508042e-08
9786000,2.3014979569978503e-08
9788000,2.2590909210129466e-08
9790000,2.217077777337812e-08
9792000,2.1754585425585125e-08
9794000,2.1342332331057934e-08
9796000,2.093401865254525e-08
9798000,2.0529644551244795e-08
9800000,2.0129210186795542e-08
9802000,1.9732715717284368e-08
9804000,1.934016129923939e-08
9806000,1.8951547087636647e-08
9808000,1.8566873235892303e-08
9810000,1.8186139895872658e-08
9812000,1.7809347217881923e-08
9814000,1.7436495350674446e-08
9816000,1.70675844414447e-08
9818000,1.6702614635833964e-08
9820000,1.634158607792698e-08
9822000,1.5984498910249742e-08
9824000,1.563135327377615e-08
9826000,1.5282149307922455e-08
9828000,1.4936887150549496e-08
9830000,1.4595566937960461e-08
9832000,1.425818880490312e-08
9834000,1.3924752884568707e-08
9836000,1.3595259308593039e-08
9838000,1.3269708207055393e-08
9840000,1.2948099708477408e-08
9842000,1.2630433939825301e-08
9844000,1.2316711026507642e-08
9846000,1.2006931092379801e-08
9848000,1.1701094259735067e-08
9850000,1.1399200649314633e-08
9852000,1.1101250380300942e-08
9854000,1.0807243570318793e-08
9856000,1.0517180335439781e-08
9858000,1.023106079017453e-08
9860000,9.948885047479352e-09
9862000,9.670653218752914e-09
9864000,9.396365413836241e-09
9866000,9.126021741012717e-09
9868000,8.85962230701141e-09
9870000,8.597167217002637e-09
9872000,8.338656574599073e-09
9874000,8.084090481855749e-09
9876000,7.833469039272273e-09
9878000,7.586792345790611e-09
9880000,7.344060498792866e-09
9882000,7.105273594107937e-09
9884000,6.870431726002642e-09
9886000,6.639534987191705e-09
9888000,6.412583468827767e-09
9890000,6.189577260508047e-09
9892000,5.970516450271011e-09
9894000,5.7554011245997e-09
9896000,5.5442313684184055e-09
9898000,5.337007265091554e-09
9900000,5.133728896430368e-09
9902000,4.93439634268399e-09
9904000,4.739009682547248e-09
9906000,4.5475689931551064e-09
9908000,4.360074350085999e-09
9910000,4.1765258273584935e-09
9912000,3.9969234974346265e-09
9914000,3.821267431219902e-09
9916000,3.6495576980599612e-09
9918000,3.4817943657428005e-09
9920000,3.3179775004987744e-09
9922000,3.1581071670005947e-09
9924000,3.00218342836222e-09
9926000,2.8502063461388556e-09
9928000,2.7021759803313948e-09
9930000,2.5580923893775366e-09
9932000,2.4179556301595577e-09
9934000,2.281765758002092e-09
9936000,2.1495228266699096e-09
9938000,2.0212268883701383e-09
9940000,1.8968779937533727e-09
9942000,1.7764761919103443e-09
9944000,1.6600215303719213e-09
9946000,1.5475140551146596e-09
9948000,1.4389538105530313e-09
9950000,1.3343408395471964e-09
9952000,1.2336751833941204e-09
9954000,1.1369568818364573e-09
9956000,1.044185973056997e-09
9958000,9.553624936797769e-10
9960000,8.704864787711912e-10
9962000,7.89557961838881e-10
9964000,7.125769748317343e-10
9966000,6.395435481421063e-10
9968000,5.704577106002685e-10
9970000,5.053194894821802e-10
9972000,4.4412891050171684e-10
9974000,3.868859978173315e-10
9976000,3.335907740265036e-10
9978000,2.8424326017018e-10
9980000,2.388434757305542e-10
9982000,1.973914386288463e-10
9984000,1.598871652308539e-10
9986000,1.263306703425113e-10
9988000,9.67219672109996e-11
9990000,7.106106752696726e-11
9992000,4.9347981417868685e-11
9994000,3.158271745906654e-11
9996000,1.7765282661619218e-11
9998000,7.895682482272888e-12
10000000,1.9739208156899184e-12
