2000,0.9048102498054504
4000,0.9930234551429749
6000,1.073483943939209
8000,1.2297574281692505
10000,1.3204731941223145
12000,1.3982614278793335
14000,1.521532416343689
16000,1.5795464515686035
18000,1.6509062051773071
20000,1.7007546424865723
22000,1.7250471115112305
24000,1.8252880573272705
26000,1.857848882675171
28000,1.9491151571273804
30000,1.941034197807312
32000,2.017151355743408
34000,2.0580811500549316
36000,2.0847597122192383
38000,2.107783555984497
40000,2.1696228981018066
42000,2.1904900074005127
44000,2.257690191268921
46000,2.2297513484954834
48000,2.3027408123016357
50000,2.331948757171631
52000,2.365624189376831
54000,2.3821847438812256
56000,2.371584415435791
58000,2.383192300796509
60000,2.4595768451690674
62000,2.4720919132232666
64000,2.4704480171203613
66000,2.5420172214508057
68000,2.4768118858337402
70000,2.595536708831787
72000,2.5361580848693848
74000,2.5699751377105713
76000,2.6753690242767334
78000,2.5983922481536865
80000,2.7120275497436523
82000,2.6768486499786377
84000,2.675001859664917
86000,2.748015880584717
88000,2.795646905899048
90000,2.7998993396759033
92000,2.7439019680023193
94000,2.8342299461364746
96000,2.910888671875
98000,2.7859368324279785
100000,2.883366346359253
102000,2.9496731758117676
104000,2.954489231109619
106000,2.886584997177124
108000,2.904364824295044
110000,2.96604585647583
112000,2.8644540309906006
114000,2.8318984508514404
116000,2.852214813232422
118000,3.003157377243042
120000,2.9739725589752197
122000,2.876204252243042
124000,2.874413013458252
126000,2.971547842025757
128000,2.865544319152832
130000,2.964613676071167
132000,2.9085466861724854
134000,2.8760533332824707
136000,2.846255302429199
138000,2.8937885761260986
140000,2.795173406600952
142000,2.851559638977051
144000,2.842846632003784
146000,2.803670644760132
148000,2.7255470752716064
150000,2.8368852138519287
152000,2.8030359745025635
154000,2.7420945167541504
156000,2.7339565753936768
158000,2.825561046600342
160000,2.711610794067383
162000,3.0157113075256348
164000,2.81070876121521
166000,3.061333656311035
168000,2.906906843185425
170000,2.7628233432769775
172000,2.793548822402954
174000,2.6741344928741455
176000,2.6034996509552
178000,2.6648452281951904
180000,2.9631128311157227
182000,2.6847944259643555
184000,2.8320131301879883
186000,2.641735076904297
188000,2.790532112121582
190000,2.6321704387664795
192000,2.746549129486084
194000,2.8832736015319824
196000,2.592668294906616
198000,2.7307910919189453
200000,2.539710760116577
202000,2.7551956176757812
204000,2.6360723972320557
206000,2.5918290615081787
208000,2.9723615646362305
210000,2.8299028873443604
212000,2.8631904125213623
214000,3.040839433670044
216000,2.8617539405822754
218000,2.770643949508667
220000,2.708383083343506
222000,2.7786083221435547
224000,2.993783712387085
226000,2.858876943588257
228000,2.8791871070861816
230000,2.8262417316436768
232000,2.9242873191833496
234000,2.8408942222595215
236000,2.8994245529174805
238000,2.8953566551208496
240000,2.9824488162994385
242000,2.8016269207000732
244000,3.0511324405670166
246000,2.9789817333221436
248000,2.905080556869507
250000,3.1666526794433594
252000,3.0846941471099854
254000,3.24181866645813
256000,3.0073273181915283
258000,3.221597671508789
260000,2.9796769618988037
262000,3.13236927986145
264000,3.360652208328247
266000,3.0398623943328857
268000,3.290908098220825
270000,3.0951454639434814
272000,3.1556403636932373
274000,3.0328617095947266
276000,3.147536516189575
278000,3.1259727478027344
280000,3.0888586044311523
282000,3.064603567123413
284000,2.982492208480835
286000,2.9041531085968018
288000,3.0232937335968018
290000,2.9185450077056885
292000,3.0483381748199463
294000,3.1053617000579834
296000,3.001920700073242
298000,2.9986491203308105
300000,2.875232458114624
302000,2.7856247425079346
304000,2.8842406272888184
306000,3.068129539489746
308000,2.8572959899902344
310000,2.832052707672119
312000,2.697427272796631
314000,2.8900671005249023
316000,2.924114227294922
318000,2.7969799041748047
320000,2.65030837059021
322000,2.97308611869812
324000,2.736572265625
326000,2.9948809146881104
328000,2.525496482849121
330000,2.8981356620788574
332000,2.849778890609741
334000,2.562378406524658
336000,2.6120104789733887
338000,2.7322542667388916
340000,1.639773964881897
342000,2.3498480319976807
344000,2.6551105976104736
346000,2.6626040935516357
348000,0.4535444974899292
350000,2.51503324508667
352000,2.6745731830596924
354000,2.690256357192993
356000,1.2229353189468384
358000,2.089979410171509
360000,2.1969592571258545
362000,2.128641366958618
364000,1.5646616220474243
366000,1.8000856637954712
368000,1.5460689067840576
370000,2.112591505050659
372000,0.6784186959266663
374000,1.2483806610107422
376000,2.136345148086548
378000,0.9342185854911804
380000,0.6779987812042236
382000,0.7145350575447083
384000,0.9768195748329163
386000,1.3029577732086182
388000,0.8604210019111633
390000,-0.2588428258895874
392000,0.6342430710792542
394000,0.5923521518707275
396000,1.181649923324585
398000,1.5752744674682617
400000,1.5594743490219116
402000,1.6371039152145386
404000,1.4491770267486572
406000,1.3045332431793213
408000,3.22921085357666
410000,2.8196542263031006
412000,2.8267765045166016
414000,3.2512407302856445
416000,1.700478196144104
418000,1.9507851600646973
420000,1.0599586963653564
422000,2.1868059635162354
424000,2.091925859451294
426000,0.4575726389884949
428000,1.6718562841415405
430000,1.193347692489624
432000,2.35880184173584
434000,0.6213057637214661
436000,1.9613667726516724
438000,0.8196042776107788
440000,0.6422686576843262
442000,1.2121881246566772
444000,0.42940467596054077
446000,1.2732092142105103
448000,1.6021109819412231
450000,2.2756497859954834
452000,1.5767966508865356
454000,1.5692139863967896
456000,1.309252142906189
458000,2.4861226081848145
460000,1.9438090324401855
462000,1.8761801719665527
464000,2.7765731811523438
466000,2.0739974975585938
468000,0.865717887878418
470000,1.6759508848190308
472000,1.5356346368789673
474000,1.0376166105270386
476000,0.9001270532608032
478000,1.265528678894043
480000,1.2966681718826294
482000,0.6355389356613159
484000,1.709531307220459
486000,1.13632071018219
488000,0.9365459680557251
490000,2.42842960357666
492000,2.053546667098999
494000,1.9280126094818115
496000,2.209028959274292
498000,2.534578323364258
500000,2.37882924079895
502000,2.403855562210083
504000,1.8392890691757202
506000,2.0346457958221436
508000,2.740874767303467
510000,2.6360924243927
512000,2.477315902709961
514000,2.629333972930908
516000,2.6483569145202637
518000,2.3202736377716064
520000,2.6391849517822266
522000,2.477553606033325
524000,1.9266730546951294
526000,2.7027974128723145
528000,2.882607936859131
530000,3.0410799980163574
532000,2.9498465061187744
534000,2.9181010723114014
536000,2.954653263092041
538000,2.855276346206665
540000,2.718677520751953
542000,2.793470621109009
544000,2.485704183578491
546000,2.9691529273986816
548000,3.0323164463043213
550000,3.218543529510498
552000,3.035989284515381
554000,3.2966489791870117
556000,3.3010973930358887
558000,3.0926671028137207
560000,2.9140493869781494
562000,3.326615333557129
564000,2.5335912704467773
566000,2.7230658531188965
568000,2.606336832046509
570000,2.868079423904419
572000,1.9337407350540161
574000,2.084984302520752
576000,2.5113964080810547
578000,1.816272497177124
580000,2.081329584121704
582000,1.8789955377578735
584000,1.8859611749649048
586000,2.101618766784668
588000,2.6164276599884033
590000,2.7875163555145264
592000,3.023658275604248
594000,3.0015366077423096
596000,3.2346596717834473
598000,3.6602978706359863
600000,3.6463286876678467
602000,3.373438835144043
604000,3.713432550430298
606000,3.6427462100982666
608000,3.8735263347625732
610000,3.9455344676971436
612000,3.9529788494110107
614000,3.9474453926086426
616000,4.030639171600342
618000,4.043015003204346
620000,4.009544372558594
622000,3.87056040763855
624000,3.8566887378692627
626000,4.002854824066162
628000,4.135334491729736
630000,4.22416877746582
632000,4.235877990722656
634000,4.152233123779297
636000,4.276813507080078
638000,4.259162902832031
640000,4.315615177154541
642000,4.316591739654541
644000,4.328609466552734
646000,4.355420112609863
648000,4.31041955947876
650000,4.249967098236084
652000,4.160336971282959
654000,4.125102996826172
656000,4.0988054275512695
658000,3.9223127365112305
660000,4.139606475830078
662000,4.051881790161133
664000,4.177225589752197
666000,4.256141662597656
668000,4.324417591094971
670000,4.178093910217285
672000,4.300337314605713
674000,4.321817398071289
676000,4.395024299621582
678000,4.380405902862549
680000,4.3275041580200195
682000,4.378674507141113
684000,4.389561176300049
686000,4.388056755065918
688000,4.334196090698242
690000,4.346534252166748
692000,4.319119930267334
694000,4.291223526000977
696000,4.3360700607299805
698000,4.296348571777344
700000,4.328317642211914
702000,4.351378440856934
704000,4.202049732208252
706000,4.321761131286621
708000,3.8803019523620605
710000,3.93233323097229
712000,4.135619163513184
714000,4.380565643310547
716000,4.3810811042785645
718000,4.34158992767334
720000,4.165217876434326
722000,3.9482662677764893
724000,3.830427885055542
726000,3.806173801422119
728000,4.2277374267578125
730000,4.252188205718994
732000,4.214741230010986
734000,4.248623847961426
736000,4.376102447509766
738000,4.291813373565674
740000,4.375026226043701
742000,3.9808380603790283
744000,4.2210001945495605
746000,4.127307415008545
748000,3.85526704788208
750000,3.8518919944763184
752000,4.372241020202637
754000,4.348715305328369
756000,4.350502014160156
758000,4.379333019256592
760000,4.318871974945068
762000,3.0296430587768555
764000,3.5110831260681152
766000,2.8761329650878906
768000,3.4049012660980225
770000,3.8928110599517822
772000,4.292623996734619
774000,3.8822925090789795
776000,4.310689449310303
778000,4.236835956573486
780000,4.24649715423584
782000,4.235706806182861
784000,4.204611301422119
786000,4.224628925323486
788000,4.267212390899658
790000,4.276938438415527
792000,4.32313346862793
794000,4.294735431671143
796000,4.300244331359863
798000,4.225505828857422
800000,4.228153228759766
802000,2.423692226409912
804000,3.0450618267059326
806000,3.0506255626678467
808000,2.228860855102539
810000,2.740539073944092
812000,3.62907075881958
814000,3.0094351768493652
816000,3.8897159099578857
818000,3.9047329425811768
820000,4.014393329620361
822000,3.854238271713257
824000,3.8267173767089844
826000,3.7845966815948486
828000,4.041879653930664
830000,4.10617733001709
832000,4.099379062652588
834000,4.0882248878479
836000,4.142292022705078
838000,4.138063907623291
840000,4.140871047973633
842000,4.230532169342041
844000,4.227794170379639
846000,4.289669990539551
848000,4.293639183044434
850000,4.249534606933594
852000,4.362557411193848
854000,4.392144680023193
856000,4.396777629852295
858000,4.399003028869629
860000,4.385223865509033
862000,4.3828301429748535
864000,4.365972518920898
866000,4.37084436416626
868000,4.34966516494751
870000,4.377007961273193
872000,4.354830265045166
874000,4.400768280029297
876000,4.3750996589660645
878000,4.384876251220703
880000,4.373190402984619
882000,4.3822922706604
884000,4.378602504730225
886000,4.393940448760986
888000,4.382969856262207
890000,4.345942497253418
892000,4.2831315994262695
894000,4.274262428283691
896000,4.354175090789795
898000,4.31129264831543
900000,4.320462703704834
902000,4.366647243499756
904000,4.37041711807251
906000,4.345797061920166
908000,4.349626064300537
910000,4.3520002365112305
912000,4.3823442459106445
914000,4.4010910987854
916000,4.391193389892578
918000,4.37968635559082
920000,4.394234657287598
922000,4.419434070587158
924000,4.416228294372559
926000,4.43803071975708
928000,4.42509651184082
930000,4.405869007110596
932000,4.423015594482422
934000,4.406674861907959
936000,4.4249677658081055
938000,4.404781818389893
940000,4.417377471923828
942000,4.4047441482543945
944000,4.395374774932861
946000,4.3994951248168945
948000,4.417792797088623
950000,4.411128044128418
952000,4.401614189147949
954000,4.4112772941589355
956000,4.399184703826904
958000,4.400284767150879
960000,4.407285213470459
962000,4.403585910797119
964000,4.4175310134887695
966000,4.395793914794922
968000,4.410322666168213
970000,4.4127912521362305
972000,4.396205902099609
974000,4.411101341247559
976000,4.393270492553711
978000,4.42320442199707
980000,4.437291145324707
982000,4.460203170776367
984000,4.441537857055664
986000,4.4560136795043945
988000,4.459405422210693
990000,4.441485404968262
992000,4.456806182861328
994000,4.464501857757568
996000,4.454413890838623
998000,4.4624810218811035
1000000,4.457244396209717
1002000,4.463372230529785
1004000,4.4650349617004395
1006000,4.457535266876221
1008000,4.469162940979004
1010000,4.462067604064941
1012000,4.468650817871094
1014000,4.457367420196533
1016000,4.462554454803467
1018000,4.4606757164001465
1020000,4.465410232543945
1022000,4.456145286560059
1024000,4.4600749015808105
1026000,4.472458362579346
1028000,4.460381507873535
1030000,4.478184223175049
1032000,4.478783130645752
1034000,4.477627754211426
1036000,4.479989051818848
1038000,4.462337493896484
1040000,4.4544172286987305
1042000,4.471405506134033
1044000,4.47153902053833
1046000,4.461370468139648
1048000,4.467391014099121
1050000,4.4399733543396
1052000,4.452419757843018
1054000,4.432709217071533
1056000,4.443549633026123
1058000,4.445194244384766
1060000,4.469283103942871
1062000,4.4464263916015625
1064000,4.45643949508667
1066000,4.464722633361816
1068000,4.454834938049316
1070000,4.450526237487793
1072000,4.4536356925964355
1074000,4.454562187194824
1076000,4.452718734741211
1078000,4.438198566436768
1080000,4.416967391967773
1082000,4.440171718597412
1084000,4.4206156730651855
1086000,4.4273786544799805
1088000,4.462759017944336
1090000,4.4611358642578125
1092000,4.427305221557617
1094000,4.455911159515381
1096000,4.481054782867432
1098000,4.4717302322387695
1100000,4.471277236938477
1102000,4.466801643371582
1104000,4.406805515289307
1106000,4.459066867828369
1108000,4.394636154174805
1110000,4.348023891448975
1112000,4.213879585266113
1114000,4.341989517211914
1116000,4.326354503631592
1118000,4.394881725311279
1120000,4.327702045440674
1122000,4.398689270019531
1124000,4.413513660430908
1126000,4.419182300567627
1128000,4.429435729980469
1130000,4.455847263336182
1132000,4.432208061218262
1134000,4.4092698097229
1136000,4.392544746398926
1138000,4.419442176818848
1140000,4.364340305328369
1142000,4.43430757522583
1144000,4.434314250946045
1146000,4.439301490783691
1148000,4.416540145874023
1150000,4.373062610626221
1152000,4.348222255706787
1154000,4.375585079193115
1156000,4.323164939880371
1158000,4.353137016296387
1160000,4.331355094909668
1162000,4.335636138916016
1164000,4.408473014831543
1166000,4.3502373695373535
1168000,4.359862327575684
1170000,4.354526996612549
1172000,4.354433536529541
1174000,4.376410961151123
1176000,4.397120475769043
1178000,4.469927787780762
1180000,4.397744178771973
1182000,4.41824197769165
1184000,4.41489839553833
1186000,4.511157035827637
1188000,4.533510684967041
1190000,4.4338459968566895
1192000,4.436520099639893
1194000,4.438276290893555
1196000,4.513391017913818
1198000,4.4610466957092285
1200000,4.542593002319336
1202000,4.549315452575684
1204000,4.539055347442627
1206000,4.472593784332275
1208000,4.475996971130371
1210000,4.489570140838623
1212000,4.493282318115234
1214000,4.533360481262207
1216000,4.55509090423584
1218000,4.557961463928223
1220000,4.559300899505615
1222000,4.5327863693237305
1224000,4.543455600738525
1226000,4.5541205406188965
1228000,4.5373992919921875
1230000,4.539955139160156
1232000,4.535429000854492
1234000,4.556832313537598
1236000,4.539857864379883
1238000,4.563774585723877
1240000,4.557819366455078
1242000,4.522950649261475
1244000,4.496050834655762
1246000,4.553280353546143
1248000,4.570599555969238
1250000,4.557234287261963
1252000,4.54569149017334
1254000,4.521712303161621
1256000,4.511197566986084
1258000,4.533858776092529
1260000,4.525625228881836
1262000,4.541051864624023
1264000,4.54600715637207
1266000,4.472350597381592
1268000,4.435358047485352
1270000,4.448757171630859
1272000,4.447235584259033
1274000,4.452960014343262
1276000,4.446446418762207
1278000,4.469446182250977
1280000,4.479815483093262
1282000,4.573501110076904
1284000,4.474470615386963
1286000,4.540322303771973
1288000,4.564657211303711
1290000,4.5566487312316895
1292000,4.486818313598633
1294000,4.4863786697387695
1296000,4.560754776000977
1298000,4.557229518890381
1300000,4.534316539764404
1302000,4.503355503082275
1304000,4.4807281494140625
1306000,4.486726760864258
1308000,4.484029293060303
1310000,4.605660915374756
1312000,4.544679641723633
1314000,4.518244743347168
1316000,4.544795036315918
1318000,4.5368571281433105
1320000,4.535267353057861
1322000,4.59412145614624
1324000,4.596600532531738
1326000,4.592014789581299
1328000,4.563413619995117
1330000,4.623307228088379
1332000,4.563686847686768
1334000,4.569550514221191
1336000,4.595598220825195
1338000,4.566240310668945
1340000,4.576270580291748
1342000,4.617844581604004
1344000,4.563783168792725
1346000,4.567663192749023
1348000,4.551321983337402
1350000,4.585675239562988
1352000,4.573239803314209
1354000,4.572812557220459
1356000,4.580756664276123
1358000,4.587663650512695
1360000,4.6026835441589355
1362000,4.628105640411377
1364000,4.611586093902588
1366000,4.645384788513184
1368000,4.637932777404785
1370000,4.648497581481934
1372000,4.6489715576171875
1374000,4.627971649169922
1376000,4.618201732635498
1378000,4.612178802490234
1380000,4.643263816833496
1382000,4.656027317047119
1384000,4.638078689575195
1386000,4.644686698913574
1388000,4.648623466491699
1390000,4.640313625335693
1392000,4.654850482940674
1394000,4.636925220489502
1396000,4.636701583862305
1398000,4.643327236175537
1400000,4.639636516571045
1402000,4.612423896789551
1404000,4.61860466003418
1406000,4.620445728302002
1408000,4.627768516540527
1410000,4.629261016845703
1412000,4.611489295959473
1414000,4.606904029846191
1416000,4.623725414276123
1418000,4.634145736694336
1420000,4.637986183166504
1422000,4.636913776397705
1424000,4.576787948608398
1426000,4.562688827514648
1428000,4.588934421539307
1430000,4.5686445236206055
1432000,4.590039253234863
1434000,4.577674865722656
1436000,4.3035054206848145
1438000,4.619114398956299
1440000,4.577669620513916
1442000,4.60051155090332
1444000,4.601163864135742
1446000,4.5410332679748535
1448000,4.4790496826171875
1450000,4.36554479598999
1452000,4.606787204742432
1454000,4.614857196807861
1456000,4.607790470123291
1458000,4.63886022567749
1460000,4.642220497131348
1462000,4.5989861488342285
1464000,4.627673625946045
1466000,4.636045455932617
1468000,4.636263370513916
1470000,4.528555393218994
1472000,4.6205244064331055
1474000,4.636000156402588
1476000,4.602343559265137
1478000,4.610628128051758
1480000,4.615866184234619
1482000,4.616603851318359
1484000,3.9428882598876953
1486000,4.073702335357666
1488000,4.234450340270996
1490000,4.623456001281738
1492000,4.62244987487793
1494000,4.626201152801514
1496000,4.620556831359863
1498000,4.637201309204102
1500000,4.635540962219238
1502000,4.641809463500977
1504000,4.625251770019531
1506000,4.637801647186279
1508000,4.631322860717773
1510000,4.625149250030518
1512000,4.646637916564941
1514000,4.632545471191406
1516000,4.6486592292785645
1518000,4.6169514656066895
1520000,4.662511825561523
1522000,4.659976482391357
1524000,4.662834167480469
1526000,4.66526985168457
1528000,4.668864727020264
1530000,4.675386428833008
1532000,4.694161891937256
1534000,4.673690319061279
1536000,4.679306507110596
1538000,4.688112735748291
1540000,4.691318988800049
1542000,4.691590785980225
1544000,4.696712017059326
1546000,4.685030460357666
1548000,4.68910551071167
1550000,4.6870880126953125
1552000,4.684874534606934
1554000,4.6909871101379395
1556000,4.688052654266357
1558000,4.693116664886475
1560000,4.700572967529297
1562000,4.711612701416016
1564000,4.709325313568115
1566000,4.66364049911499
1568000,4.674305438995361
1570000,4.709189414978027
1572000,4.717371940612793
1574000,4.718855381011963
1576000,4.7280802726745605
1578000,4.71889066696167
1580000,4.7256293296813965
1582000,4.721248149871826
1584000,4.72246789932251
1586000,4.721116065979004
1588000,4.715158462524414
1590000,4.716001987457275
1592000,4.710029125213623
1594000,4.716153144836426
1596000,4.723127365112305
1598000,4.725094795227051
1600000,4.725763320922852
1602000,4.722348690032959
1604000,4.703337669372559
1606000,4.711277484893799
1608000,4.698857307434082
1610000,4.704693794250488
1612000,4.706352710723877
1614000,4.713289737701416
1616000,4.708235740661621
1618000,4.714174747467041
1620000,4.720744609832764
1622000,4.715394496917725
1624000,4.67791223526001
1626000,4.730055809020996
1628000,4.714696407318115
1630000,4.720085620880127
1632000,4.728865146636963
1634000,4.719918251037598
1636000,4.720974445343018
1638000,4.730151176452637
1640000,4.725475311279297
1642000,4.729645729064941
1644000,4.7351884841918945
1646000,4.734896659851074
1648000,4.734741687774658
1650000,4.74232816696167
1652000,4.742979526519775
1654000,4.738648414611816
1656000,4.757009506225586
1658000,4.735220432281494
1660000,4.751042366027832
1662000,4.74177360534668
1664000,4.732326030731201
1666000,4.738272666931152
1668000,4.740469932556152
1670000,4.7546820640563965
1672000,4.755622863769531
1674000,4.752993106842041
1676000,4.752045154571533
1678000,4.742772579193115
1680000,4.7453436851501465
1682000,4.742902755737305
1684000,4.748548984527588
1686000,4.751494884490967
1688000,4.754002571105957
1690000,4.757137775421143
1692000,4.751416206359863
1694000,4.7449259757995605
1696000,4.753746032714844
1698000,4.7619733810424805
1700000,4.7606306076049805
1702000,4.767288684844971
1704000,4.752275466918945
1706000,4.764863014221191
1708000,4.7667717933654785
1710000,4.777124881744385
1712000,4.767223358154297
1714000,4.7779741287231445
1716000,4.780185222625732
1718000,4.7610249519348145
1720000,4.75796365737915
1722000,4.763246059417725
1724000,4.767324924468994
1726000,4.771992206573486
1728000,4.772651195526123
1730000,4.783999919891357
1732000,4.77506685256958
1734000,4.785428524017334
1736000,4.778183460235596
1738000,4.788959980010986
1740000,4.780333518981934
1742000,4.779458999633789
1744000,4.7660603523254395
1746000,4.7682013511657715
1748000,4.779805660247803
1750000,4.76507043838501
1752000,4.771359920501709
1754000,4.769698143005371
1756000,4.772032737731934
1758000,4.763737678527832
1760000,4.768415927886963
1762000,4.771550178527832
1764000,4.772548675537109
1766000,4.7642974853515625
1768000,4.774882793426514
1770000,4.763939380645752
1772000,4.758026599884033
1774000,4.759855270385742
1776000,4.7603631019592285
1778000,4.760927677154541
1780000,4.7506232261657715
1782000,4.76654577255249
1784000,4.762368202209473
1786000,4.734908580780029
1788000,4.529216766357422
1790000,4.410726070404053
1792000,4.772744178771973
1794000,4.76087760925293
1796000,4.762515544891357
1798000,4.751165866851807
1800000,4.763837814331055
1802000,4.758629322052002
1804000,4.6903395652771
1806000,4.698531627655029
1808000,4.756783962249756
1810000,4.626750946044922
1812000,4.751153469085693
1814000,4.7557854652404785
1816000,4.756795883178711
1818000,4.754775524139404
1820000,4.586176872253418
1822000,4.416691303253174
1824000,4.752715110778809
1826000,3.8733410835266113
1828000,4.587286949157715
1830000,4.516695022583008
1832000,4.6668219566345215
1834000,4.7892937660217285
1836000,4.770166873931885
1838000,4.770424842834473
1840000,4.7122273445129395
1842000,4.689333915710449
1844000,4.75815486907959
1846000,4.745659828186035
1848000,4.756779193878174
1850000,4.75523042678833
1852000,4.7648024559021
1854000,4.742055892944336
1856000,4.759109973907471
1858000,4.766602516174316
1860000,4.748943328857422
1862000,4.7613725662231445
1864000,4.764444351196289
1866000,4.753499507904053
1868000,4.762139797210693
1870000,4.757897853851318
1872000,4.761940956115723
1874000,4.73114538192749
1876000,4.754101753234863
1878000,4.748683452606201
1880000,4.752437591552734
1882000,4.747414588928223
1884000,4.7595930099487305
1886000,4.747620105743408
1888000,4.738438129425049
1890000,4.741926193237305
1892000,4.767404079437256
1894000,4.741304874420166
1896000,4.761341571807861
1898000,4.7435302734375
1900000,4.7487664222717285
1902000,4.731951713562012
1904000,4.753658294677734
1906000,4.757113456726074
1908000,4.758788585662842
1910000,4.753582954406738
1912000,4.750450611114502
1914000,4.750823497772217
1916000,4.7698822021484375
1918000,4.75884485244751
1920000,4.688354969024658
1922000,4.750876426696777
1924000,4.632656097412109
1926000,4.469936847686768
1928000,4.751095771789551
1930000,4.751961708068848
1932000,4.746150493621826
1934000,4.760696887969971
1936000,4.748115539550781
1938000,4.76650333404541
1940000,4.753891468048096
1942000,4.739274024963379
1944000,4.72735071182251
1946000,4.760006904602051
1948000,4.75435209274292
1950000,4.745451927185059
1952000,4.760532379150391
1954000,4.770456314086914
1956000,4.772421836853027
1958000,4.7619171142578125
1960000,4.748700141906738
1962000,4.739177703857422
1964000,4.761989116668701
1966000,4.730105400085449
1968000,4.7262654304504395
1970000,4.721197128295898
1972000,4.750756740570068
1974000,4.723142147064209
1976000,4.740001201629639
1978000,4.721958637237549
1980000,4.709838390350342
1982000,4.730371952056885
1984000,4.736330032348633
1986000,4.736789226531982
1988000,4.7489776611328125
1990000,4.717249870300293
1992000,4.731594562530518
1994000,4.7042388916015625
1996000,4.708868026733398
1998000,4.547366142272949
2000000,4.6922526359558105
2002000,4.734665870666504
2004000,4.762495994567871
2006000,4.763751983642578
2008000,4.759653091430664
2010000,4.767394065856934
2012000,4.736799716949463
2014000,4.729822158813477
2016000,4.756424427032471
2018000,4.7309722900390625
2020000,4.761081218719482
2022000,4.761326313018799
2024000,4.608705520629883
2026000,4.713747978210449
2028000,4.666008949279785
2030000,4.761953353881836
2032000,4.722982883453369
2034000,4.734898567199707
2036000,4.696728229522705
2038000,4.745777130126953
2040000,4.719723701477051
2042000,4.746829986572266
2044000,4.711798667907715
2046000,4.672941207885742
2048000,4.673504829406738
2050000,4.685804843902588
2052000,4.6973066329956055
2054000,4.756373882293701
2056000,4.719151020050049
2058000,4.701196193695068
2060000,4.708518028259277
2062000,4.737178325653076
2064000,4.743105411529541
2066000,4.717365264892578
2068000,4.716072082519531
2070000,4.6992597579956055
2072000,4.711170673370361
2074000,4.717960834503174
2076000,4.734088897705078
2078000,4.727193355560303
2080000,4.664297580718994
2082000,4.755466938018799
2084000,4.753176689147949
2086000,4.712841033935547
2088000,4.735976696014404
2090000,4.706987380981445
2092000,4.6659159660339355
2094000,4.717872619628906
2096000,4.750845432281494
2098000,4.737279415130615
2100000,4.745645523071289
2102000,4.756099700927734
2104000,4.744609832763672
2106000,4.722428798675537
2108000,4.668055534362793
2110000,4.6659626960754395
2112000,4.662688255310059
2114000,4.6845269203186035
2116000,4.716495990753174
2118000,4.725198745727539
2120000,4.590126991271973
2122000,4.602259635925293
2124000,4.710960865020752
2126000,4.725118160247803
2128000,4.223509311676025
2130000,4.711142539978027
2132000,3.822552442550659
2134000,4.225894451141357
2136000,4.692079067230225
2138000,4.375735759735107
2140000,4.7151007652282715
2142000,4.7429656982421875
2144000,4.74989128112793
2146000,4.714540481567383
2148000,4.734310150146484
2150000,4.72084903717041
2152000,4.727651596069336
2154000,4.722235202789307
2156000,4.730689525604248
2158000,4.72349739074707
2160000,4.7252631187438965
2162000,4.644585132598877
2164000,4.738678932189941
2166000,4.743795871734619
2168000,4.720087051391602
2170000,4.7189459800720215
2172000,4.7245402336120605
2174000,4.730596542358398
2176000,4.524290561676025
2178000,4.734470844268799
2180000,4.731284141540527
2182000,4.649333953857422
2184000,4.7374162673950195
2186000,4.734636306762695
2188000,4.730837345123291
2190000,3.932682752609253
2192000,4.742993354797363
2194000,3.922485828399658
2196000,2.891632556915283
2198000,2.8411309719085693
2200000,4.308465003967285
2202000,3.2965073585510254
2204000,3.961031913757324
2206000,4.110053062438965
2208000,4.702924728393555
2210000,4.754957675933838
2212000,3.6359150409698486
2214000,4.731096267700195
2216000,4.6996307373046875
2218000,4.719847202301025
2220000,4.7621259689331055
2222000,4.740396499633789
2224000,4.7258620262146
2226000,4.753790378570557
2228000,4.782273292541504
2230000,4.761105060577393
2232000,4.7508416175842285
2234000,4.760506629943848
2236000,4.764122009277344
2238000,4.773440837860107
2240000,4.778792858123779
2242000,4.7474236488342285
2244000,4.780889987945557
2246000,4.613751411437988
2248000,4.750408172607422
2250000,4.72601842880249
2252000,4.7524943351745605
2254000,4.7463202476501465
2256000,4.574416637420654
2258000,4.673710346221924
2260000,4.386622905731201
2262000,4.7791290283203125
2264000,4.781665802001953
2266000,4.786052703857422
2268000,4.346514701843262
2270000,4.783287525177002
2272000,4.775677680969238
2274000,4.570824146270752
2276000,4.5268402099609375
2278000,4.745194435119629
2280000,4.7864990234375
2282000,4.7932353019714355
2284000,4.792810440063477
2286000,4.57485818862915
2288000,4.570165634155273
2290000,4.759182929992676
2292000,4.780364513397217
2294000,4.764981746673584
2296000,4.784299373626709
2298000,4.789478302001953
2300000,4.7954630851745605
2302000,4.781550884246826
2304000,4.786921977996826
2306000,4.766348838806152
2308000,4.7818989753723145
2310000,4.770707607269287
2312000,4.77420711517334
2314000,4.772218704223633
2316000,4.783809661865234
2318000,4.788315296173096
2320000,4.789379119873047
2322000,4.793208599090576
2324000,4.771838665008545
2326000,4.796343803405762
2328000,4.7967729568481445
2330000,4.807943820953369
2332000,4.792104721069336
2334000,4.796846389770508
2336000,4.776383876800537
2338000,4.778852462768555
2340000,4.610967636108398
2342000,4.2711944580078125
2344000,4.805770397186279
2346000,4.798611164093018
2348000,4.812004089355469
2350000,4.796905040740967
2352000,4.788956165313721
2354000,4.796300888061523
2356000,4.800082683563232
2358000,4.802186489105225
2360000,4.803486347198486
2362000,4.802271842956543
2364000,4.80276346206665
2366000,4.800469875335693
2368000,4.799654960632324
2370000,4.804060459136963
2372000,4.807713985443115
2374000,4.8100714683532715
2376000,4.822553634643555
2378000,4.815165042877197
2380000,4.815081596374512
2382000,4.818239688873291
2384000,4.831613063812256
2386000,4.822414875030518
2388000,4.82525634765625
2390000,4.811932563781738
2392000,4.398111343383789
2394000,4.418597221374512
2396000,4.495681285858154
2398000,4.758355140686035
2400000,4.816476345062256
2402000,4.818888187408447
2404000,4.818155288696289
2406000,4.819389820098877
2408000,4.809369087219238
2410000,4.811610221862793
2412000,4.557807445526123
2414000,4.7530927658081055
2416000,4.789680004119873
2418000,4.81451940536499
2420000,4.81561279296875
2422000,4.818371772766113
2424000,4.818233489990234
2426000,4.792476654052734
2428000,4.78939962387085
2430000,4.8202223777771
2432000,4.821545124053955
2434000,4.7345685958862305
2436000,4.797002792358398
2438000,4.818002700805664
2440000,4.786215305328369
2442000,4.820277214050293
2444000,4.81682825088501
2446000,4.810393333435059
2448000,4.62255334854126
2450000,4.824127674102783
2452000,4.107797622680664
2454000,4.625153541564941
2456000,4.296477794647217
2458000,3.5408451557159424
2460000,4.443778991699219
2462000,4.6684675216674805
2464000,3.3847858905792236
2466000,4.0807976722717285
2468000,4.616644382476807
2470000,4.77862024307251
2472000,4.818022727966309
2474000,4.827643394470215
2476000,4.81186056137085
2478000,4.782270908355713
2480000,4.827608585357666
2482000,4.829118251800537
2484000,4.829047679901123
2486000,4.822356224060059
2488000,4.829787731170654
2490000,4.832633018493652
2492000,4.794261455535889
2494000,4.8322882652282715
2496000,4.833846092224121
2498000,4.487867832183838
2500000,4.829224586486816
2502000,4.8231353759765625
2504000,4.000169277191162
2506000,4.700826644897461
2508000,4.814852714538574
2510000,4.530785083770752
2512000,4.8258185386657715
2514000,4.826338768005371
2516000,4.831320285797119
2518000,4.827059745788574
2520000,4.3159990310668945
2522000,4.587583065032959
2524000,4.777016639709473
2526000,4.82216215133667
2528000,4.79155969619751
2530000,4.826037406921387
2532000,4.825972080230713
2534000,4.710007190704346
2536000,4.691415786743164
2538000,4.135478973388672
2540000,4.318525314331055
2542000,4.810934066772461
2544000,4.834250450134277
2546000,4.834334850311279
2548000,4.8360514640808105
2550000,4.840303421020508
2552000,4.843666076660156
2554000,4.845168590545654
2556000,4.844374656677246
2558000,4.846010684967041
2560000,4.848082065582275
2562000,4.849331855773926
2564000,4.849659442901611
2566000,4.850724697113037
2568000,4.851395606994629
2570000,4.85180139541626
2572000,4.852303504943848
2574000,4.850062370300293
2576000,4.8488874435424805
2578000,4.84878396987915
2580000,4.847267150878906
2582000,4.846959590911865
2584000,4.847757816314697
2586000,4.848695278167725
2588000,4.850591659545898
2590000,4.849710941314697
2592000,4.85129451751709
2594000,4.851198673248291
2596000,4.854578495025635
2598000,4.854316234588623
2600000,4.854418754577637
2602000,4.855471611022949
2604000,4.857782363891602
2606000,4.860228538513184
2608000,4.858192443847656
2610000,4.854937553405762
2612000,4.8590593338012695
2614000,4.856367111206055
2616000,4.854524612426758
2618000,4.8531694412231445
2620000,4.8595685958862305
2622000,4.865130424499512
2624000,4.866824150085449
2626000,4.870078086853027
2628000,4.874863147735596
2630000,4.876801013946533
2632000,4.871469497680664
2634000,4.8550310134887695
2636000,4.875189781188965
2638000,4.875054359436035
2640000,4.877114295959473
2642000,4.8771443367004395
2644000,4.880336761474609
2646000,4.880471706390381
2648000,4.882283687591553
2650000,4.8828349113464355
2652000,4.88351583480835
2654000,4.880125522613525
2656000,4.874495029449463
2658000,4.8773698806762695
2660000,4.887476444244385
2662000,4.889308452606201
2664000,4.88731575012207
2666000,4.8910908699035645
2668000,4.892860412597656
2670000,4.895208835601807
2672000,4.898441791534424
2674000,4.899012565612793
2676000,4.898273468017578
2678000,4.901148796081543
2680000,4.899723529815674
2682000,4.900228977203369
2684000,4.900953769683838
2686000,4.902216911315918
2688000,4.903947353363037
2690000,4.904285907745361
2692000,4.906581878662109
2694000,4.908117771148682
2696000,4.90955114364624
2698000,4.910656929016113
2700000,4.913278102874756
2702000,4.91458797454834
2704000,4.916112899780273
2706000,4.918320178985596
2708000,4.919129848480225
2710000,4.921600818634033
2712000,4.922043800354004
2714000,4.921881198883057
2716000,4.922417163848877
2718000,4.923895835876465
2720000,4.924930572509766
2722000,4.9258832931518555
2724000,4.925469875335693
2726000,4.92723274230957
2728000,4.928973197937012
2730000,4.930273532867432
2732000,4.930685520172119
2734000,4.931632041931152
2736000,4.93265438079834
2738000,4.933060646057129
2740000,4.933202266693115
2742000,4.9339752197265625
2744000,4.935432434082031
2746000,4.935965061187744
2748000,4.936613082885742
2750000,4.938056468963623
2752000,4.937596321105957
2754000,4.939769744873047
2756000,4.941976070404053
2758000,4.942237854003906
2760000,4.94245719909668
2762000,4.942110538482666
2764000,4.942252159118652
2766000,4.943159103393555
2768000,4.944474697113037
2770000,4.945289134979248
2772000,4.94575309753418
2774000,4.9466729164123535
2776000,4.9469895362854
2778000,4.94738245010376
2780000,4.9476542472839355
2782000,4.947198390960693
2784000,4.948589324951172
2786000,4.950185775756836
2788000,4.949981212615967
2790000,4.951425552368164
2792000,4.951929569244385
2794000,4.952993869781494
2796000,4.953561305999756
2798000,4.954907417297363
2800000,4.955437183380127
2802000,4.956272125244141
2804000,4.9569091796875
2806000,4.957577705383301
2808000,4.957482814788818
2810000,4.955005645751953
2812000,4.954984188079834
2814000,4.955371856689453
2816000,4.9562177658081055
2818000,4.956459999084473
2820000,4.9574666023254395
2822000,4.958710670471191
2824000,4.959295272827148
2826000,4.959668159484863
2828000,4.960514068603516
2830000,4.960772514343262
2832000,4.961389541625977
2834000,4.961866855621338
2836000,4.962693214416504
2838000,4.9636101722717285
2840000,4.9637322425842285
2842000,4.96426248550415
2844000,4.9646406173706055
2846000,4.96487283706665
2848000,4.965521335601807
2850000,4.966028690338135
2852000,4.9673752784729
2854000,4.967502117156982
2856000,4.967230319976807
2858000,4.965813636779785
2860000,4.965887069702148
2862000,4.965713977813721
2864000,4.968430519104004
2866000,4.970644474029541
2868000,4.972752571105957
2870000,4.9731221199035645
2872000,4.97236442565918
2874000,4.972364902496338
2876000,4.972801685333252
2878000,4.972607135772705
2880000,4.972926139831543
2882000,4.9731950759887695
2884000,4.974263668060303
2886000,4.973814487457275
2888000,4.974362850189209
2890000,4.974750518798828
2892000,4.975698947906494
2894000,4.975382328033447
2896000,4.9759392738342285
2898000,4.976675510406494
2900000,4.977166175842285
2902000,4.977725982666016
2904000,4.978010654449463
2906000,4.978884220123291
2908000,4.978814125061035
2910000,4.980271816253662
2912000,4.980000019073486
2914000,4.980152130126953
2916000,4.9808173179626465
2918000,4.964975357055664
2920000,4.677515029907227
2922000,4.917417049407959
2924000,4.917370319366455
2926000,4.920266628265381
2928000,4.929140090942383
2930000,4.908720970153809
2932000,4.915106773376465
2934000,4.923841953277588
2936000,4.933218479156494
2938000,4.933052062988281
2940000,4.923394680023193
2942000,4.926082611083984
2944000,4.920498847961426
2946000,4.931931972503662
2948000,4.9330830574035645
2950000,4.915548801422119
2952000,4.901617527008057
2954000,4.927967548370361
2956000,4.903960227966309
2958000,4.9223408699035645
2960000,4.908604621887207
2962000,4.906434059143066
2964000,4.891814708709717
2966000,4.8799896240234375
2968000,4.906116485595703
2970000,4.893838882446289
2972000,4.8965983390808105
2974000,4.887279510498047
2976000,4.815184116363525
2978000,4.821826934814453
2980000,4.867666244506836
2982000,4.888130187988281
2984000,4.855177402496338
2986000,4.866025924682617
2988000,4.791731834411621
2990000,4.861076831817627
2992000,4.860429763793945
2994000,4.838789939880371
2996000,4.970953941345215
2998000,4.971726417541504
3000000,4.971402645111084
3002000,4.9712090492248535
3004000,4.971312046051025
3006000,4.973498821258545
3008000,4.973505973815918
3010000,4.973885536193848
3012000,4.97402811050415
3014000,4.974206924438477
3016000,4.972154140472412
3018000,4.969967842102051
3020000,4.975918292999268
3022000,4.9759979248046875
3024000,4.976762771606445
3026000,4.976827144622803
3028000,4.976626873016357
3030000,4.976877212524414
3032000,4.976725101470947
3034000,4.977808475494385
3036000,4.978127956390381
3038000,4.978559494018555
3040000,4.979126453399658
3042000,4.979384422302246
3044000,4.979242324829102
3046000,4.980023384094238
3048000,4.980278968811035
3050000,4.980835914611816
3052000,4.981718063354492
3054000,4.981704235076904
3056000,4.98158073425293
3058000,4.981723308563232
3060000,4.981769561767578
3062000,4.9817328453063965
3064000,4.982163906097412
3066000,4.982497215270996
3068000,4.983211517333984
3070000,4.983572006225586
3072000,4.98347806930542
3074000,4.9841203689575195
3076000,4.984297275543213
3078000,4.984747886657715
3080000,4.985093593597412
3082000,4.985587120056152
3084000,4.985709190368652
3086000,4.986093044281006
3088000,4.986592769622803
3090000,4.986963748931885
3092000,4.987195014953613
3094000,4.987673282623291
3096000,4.98823356628418
3098000,4.98844051361084
3100000,4.988694190979004
3102000,4.988836288452148
3104000,4.988864421844482
3106000,4.988613605499268
3108000,4.9860124588012695
3110000,4.985908031463623
3112000,4.986903190612793
3114000,4.98797082901001
3116000,4.988608360290527
3118000,4.988964080810547
3120000,4.9890947341918945
3122000,4.989347457885742
3124000,4.990301132202148
3126000,4.990781307220459
3128000,4.990877628326416
3130000,4.990569114685059
3132000,4.99063777923584
3134000,4.991297245025635
3136000,4.9917707443237305
3138000,4.99221658706665
3140000,4.9925384521484375
3142000,4.99334192276001
3144000,4.9930830001831055
3146000,4.99338960647583
3148000,4.992982387542725
3150000,4.99289083480835
3152000,4.992705821990967
3154000,4.992092132568359
3156000,4.992276191711426
3158000,4.9929094314575195
3160000,4.993494033813477
3162000,4.993866920471191
3164000,4.994190216064453
3166000,4.993862152099609
3168000,4.994088649749756
3170000,4.992964744567871
3172000,4.993954181671143
3174000,4.994479179382324
3176000,4.99459171295166
3178000,4.994760036468506
3180000,4.994909286499023
3182000,4.995058536529541
3184000,4.994702339172363
3186000,4.995299339294434
3188000,4.995928764343262
3190000,4.995956897735596
3192000,4.996098518371582
3194000,4.996203899383545
3196000,4.9961442947387695
3198000,4.995500087738037
3200000,4.995309352874756
3202000,4.995748996734619
3204000,4.995800495147705
3206000,4.995828151702881
3208000,4.996341705322266
3210000,4.996542453765869
3212000,4.996492862701416
3214000,4.9965362548828125
3216000,4.996260643005371
3218000,4.996016979217529
3220000,4.9963579177856445
3222000,4.996475696563721
3224000,4.996526718139648
3226000,4.996655464172363
3228000,4.996524333953857
3230000,4.996861457824707
3232000,4.996931552886963
3234000,4.997048854827881
3236000,4.997178554534912
3238000,4.996827125549316
3240000,4.9967241287231445
3242000,4.997277736663818
3244000,4.9974493980407715
3246000,4.996969223022461
3248000,4.997579574584961
3250000,4.997131824493408
3252000,4.997346878051758
3254000,4.997296333312988
3256000,4.997162818908691
3258000,4.997255802154541
3260000,4.99577522277832
3262000,4.996110916137695
3264000,4.996332168579102
3266000,4.996851444244385
3268000,4.997042179107666
3270000,4.997010707855225
3272000,4.996998310089111
3274000,4.9969658851623535
3276000,4.997099876403809
3278000,4.997041702270508
3280000,4.996199607849121
3282000,4.996614456176758
3284000,4.996668815612793
3286000,4.996983528137207
3288000,4.99690055847168
3290000,4.997151851654053
3292000,4.996102333068848
3294000,4.996479034423828
3296000,4.996696472167969
3298000,4.997097492218018
3300000,4.997326374053955
3302000,4.99740743637085
3304000,4.997138500213623
3306000,4.997021675109863
3308000,4.996833801269531
3310000,4.996614456176758
3312000,4.996607780456543
3314000,4.9971489906311035
3316000,4.9963202476501465
3318000,4.99664306640625
3320000,4.996928691864014
3322000,4.9969658851623535
3324000,4.997122287750244
3326000,4.997285842895508
3328000,4.997425079345703
3330000,4.997440338134766
3332000,4.997617244720459
3334000,4.997718811035156
3336000,4.997591018676758
3338000,4.997817516326904
3340000,4.997961044311523
3342000,4.9979424476623535
3344000,4.997530460357666
3346000,4.997318267822266
3348000,4.997313499450684
3350000,4.997416019439697
3352000,4.997485160827637
3354000,4.997035503387451
3356000,4.997509002685547
3358000,4.997804641723633
3360000,4.997811794281006
3362000,4.998058795928955
3364000,4.997997283935547
3366000,4.9981560707092285
3368000,4.998007774353027
3370000,4.998230457305908
3372000,4.998295783996582
3374000,4.998230457305908
3376000,4.998322486877441
3378000,4.9985246658325195
3380000,4.998383045196533
3382000,4.998067855834961
3384000,4.998237609863281
3386000,4.997848987579346
3388000,4.998010158538818
3390000,4.998302459716797
3392000,4.998250961303711
3394000,4.998089790344238
3396000,4.998230457305908
3398000,4.9971747398376465
3400000,4.997393608093262
3402000,4.997745990753174
3404000,4.9978790283203125
3406000,4.997681617736816
3408000,4.998072147369385
3410000,4.997660160064697
3412000,4.998046875
3414000,4.998114109039307
3416000,4.997879981994629
3418000,4.997961044311523
3420000,4.998331069946289
3422000,4.9984354972839355
3424000,4.998283863067627
3426000,4.998358726501465
3428000,4.998434543609619
3430000,4.9985456466674805
3432000,4.998059272766113
3434000,4.998288631439209
3436000,4.998274326324463
3438000,4.998319625854492
3440000,4.998373508453369
3442000,4.998406410217285
3444000,4.9982194900512695
3446000,4.9981889724731445
3448000,4.998173713684082
3450000,4.998124122619629
3452000,4.998165607452393
3454000,4.998021602630615
3456000,4.997648239135742
3458000,4.998076915740967
3460000,4.998224258422852
3462000,4.998329162597656
3464000,4.998542785644531
3466000,4.9986395835876465
3468000,4.998727798461914
3470000,4.99870491027832
3472000,4.998398780822754
3474000,4.998456001281738
3476000,4.9986371994018555
3478000,4.998302459716797
3480000,4.998410701751709
3482000,4.998666286468506
3484000,4.998691558837891
3486000,4.9978790283203125
3488000,4.997836112976074
3490000,4.99812126159668
3492000,4.998025417327881
3494000,4.998245716094971
3496000,4.998386859893799
3498000,4.998664379119873
3500000,4.998713970184326
3502000,4.998837947845459
3504000,4.998906135559082
3506000,4.998498916625977
3508000,4.998301982879639
3510000,4.998315811157227
3512000,4.998302936553955
3514000,4.998388767242432
3516000,4.998351573944092
3518000,4.998368740081787
3520000,4.998350620269775
3522000,4.998418807983398
3524000,4.998324394226074
3526000,4.998434066772461
3528000,4.998162269592285
3530000,4.99825382232666
3532000,4.998579025268555
3534000,4.998613357543945
3536000,4.998555660247803
3538000,4.9985527992248535
3540000,4.998388290405273
3542000,4.998536109924316
3544000,4.998689651489258
3546000,4.998662948608398
3548000,4.998441219329834
3550000,4.998393535614014
3552000,4.998478412628174
3554000,4.9984211921691895
3556000,4.99859619140625
3558000,4.998733997344971
3560000,4.9987030029296875
3562000,4.9984588623046875
3564000,4.998675346374512
3566000,4.998713970184326
3568000,4.998566627502441
3570000,4.998658657073975
3572000,4.998393535614014
3574000,4.998685359954834
3576000,4.998399257659912
3578000,4.998593807220459
3580000,4.998611927032471
3582000,4.998496055603027
3584000,4.998709201812744
3586000,4.998755931854248
3588000,4.998288154602051
3590000,4.99857234954834
3592000,4.998462200164795
3594000,4.99857759475708
3596000,4.99843692779541
3598000,4.9985480308532715
3600000,4.99876594543457
3602000,4.998497009277344
3604000,4.998520851135254
3606000,4.998610973358154
3608000,4.998749256134033
3610000,4.9989423751831055
3612000,4.998857021331787
3614000,4.9989237785339355
3616000,4.998856544494629
3618000,4.998827934265137
3620000,4.998847961425781
3622000,4.998908042907715
3624000,4.996949672698975
3626000,4.997005939483643
3628000,4.997486114501953
3630000,4.998147487640381
3632000,4.9978532791137695
3634000,4.998315334320068
3636000,4.998152256011963
3638000,4.9981560707092285
3640000,4.998223304748535
3642000,4.998520374298096
3644000,4.998324394226074
3646000,4.9983415603637695
3648000,4.998544692993164
3650000,4.998632431030273
3652000,4.99832010269165
3654000,4.998480319976807
3656000,4.998633861541748
3658000,4.998891830444336
3660000,4.998590469360352
3662000,4.998532295227051
3664000,4.998507022857666
3666000,4.998559951782227
3668000,4.9982194900512695
3670000,4.998061180114746
3672000,4.998538970947266
3674000,4.998579978942871
3676000,4.998581886291504
3678000,4.998416423797607
3680000,4.99869966506958
3682000,4.9987711906433105
3684000,4.998690605163574
3686000,4.998807430267334
3688000,4.998826026916504
3690000,4.9985833168029785
3692000,4.997783184051514
3694000,4.997735023498535
3696000,4.998093605041504
3698000,4.998213768005371
3700000,4.998558521270752
3702000,4.998758316040039
3704000,4.998887538909912
3706000,4.9988017082214355
3708000,4.998665809631348
3710000,4.998749732971191
3712000,4.998730659484863
3714000,4.998642444610596
3716000,4.998766899108887
3718000,4.998741626739502
3720000,4.998633861541748
3722000,4.998642444610596
3724000,4.998587131500244
3726000,4.998533248901367
3728000,4.998817443847656
3730000,4.998657703399658
3732000,4.998659133911133
3734000,4.998723030090332
3736000,4.998814582824707
3738000,4.9982428550720215
3740000,4.998290538787842
3742000,4.998641490936279
3744000,4.9985032081604
3746000,4.998544692993164
3748000,4.9985880851745605
3750000,4.998460292816162
3752000,4.998453617095947
3754000,4.998623847961426
3756000,4.998296737670898
3758000,4.99833869934082
3760000,4.998453617095947
3762000,4.99854850769043
3764000,4.998528957366943
3766000,4.998757362365723
3768000,4.998795032501221
3770000,4.998759746551514
3772000,4.99887228012085
3774000,4.9983954429626465
3776000,4.998107433319092
3778000,4.998162269592285
3780000,4.998501777648926
3782000,4.99872350692749
3784000,4.998684406280518
3786000,4.998745918273926
3788000,4.998813629150391
3790000,4.99882698059082
3792000,4.998884677886963
3794000,4.998795032501221
3796000,4.998622417449951
3798000,4.998658657073975
3800000,4.998785972595215
3802000,4.998639106750488
3804000,4.998791217803955
3806000,4.998867034912109
3808000,4.998528480529785
3810000,4.998763561248779
3812000,4.998702049255371
3814000,4.998904705047607
3816000,4.998986721038818
3818000,4.998900413513184
3820000,4.99903678894043
3822000,4.99918270111084
3824000,4.998966693878174
3826000,4.9990553855896
3828000,4.998985290527344
3830000,4.998813152313232
3832000,4.9987406730651855
3834000,4.998920917510986
3836000,4.999090671539307
3838000,4.997966766357422
3840000,4.998289585113525
3842000,4.998428821563721
3844000,4.998579978942871
3846000,4.998824596405029
3848000,4.999035358428955
3850000,4.999013900756836
3852000,4.9991044998168945
3854000,4.9988298416137695
3856000,4.999021053314209
3858000,4.99906587600708
3860000,4.999172687530518
3862000,4.999181747436523
3864000,4.999138832092285
3866000,4.9990973472595215
3868000,4.999128818511963
3870000,4.999155044555664
3872000,4.998573303222656
3874000,4.998680591583252
3876000,4.99881649017334
3878000,4.998959064483643
3880000,4.9989118576049805
3882000,4.998883247375488
3884000,4.999029159545898
3886000,4.9989776611328125
3888000,4.998946666717529
3890000,4.998965740203857
3892000,4.998981475830078
3894000,4.998989105224609
3896000,4.999072074890137
3898000,4.999123573303223
3900000,4.999113082885742
3902000,4.999026298522949
3904000,4.999141693115234
3906000,4.998744964599609
3908000,4.998837947845459
3910000,4.998937129974365
3912000,4.999093532562256
3914000,4.998833179473877
3916000,4.998836040496826
3918000,4.998685359954834
3920000,4.9987616539001465
3922000,4.998930931091309
3924000,4.999013900756836
3926000,4.998894214630127
3928000,4.99896240234375
3930000,4.999098300933838
3932000,4.999168872833252
3934000,4.999162197113037
3936000,4.999053001403809
3938000,4.9990315437316895
3940000,4.999086380004883
3942000,4.999151229858398
3944000,4.999083995819092
3946000,4.9985880851745605
3948000,4.998838901519775
3950000,4.998841285705566
3952000,4.998600959777832
3954000,4.998643398284912
3956000,4.998766899108887
3958000,4.998819351196289
3960000,4.9988484382629395
3962000,4.998810768127441
3964000,4.998838901519775
3966000,4.998500347137451
3968000,4.9986772537231445
3970000,4.998851299285889
3972000,4.998934745788574
3974000,4.998759746551514
3976000,4.998827934265137
3978000,4.99890661239624
3980000,4.998941421508789
3982000,4.998960971832275
3984000,4.999080181121826
3986000,4.998771667480469
3988000,4.9989013671875
3990000,4.998834133148193
3992000,4.998847007751465
3994000,4.998990058898926
3996000,4.999080181121826
3998000,4.9988579750061035
4000000,4.998950004577637
4002000,4.999059200286865
4004000,4.99909782409668
4006000,4.999083995819092
4008000,4.999144554138184
4010000,4.999085426330566
4012000,4.999078273773193
4014000,4.999128818511963
4016000,4.999125957489014
4018000,4.99918270111084
4020000,4.999088764190674
4022000,4.999035835266113
4024000,4.999106407165527
4026000,4.998968124389648
4028000,4.998147487640381
4030000,4.997998237609863
4032000,4.99811315536499
4034000,4.998603820800781
4036000,4.998612403869629
4038000,4.9987568855285645
4040000,4.998307704925537
4042000,4.998401165008545
4044000,4.998640537261963
4046000,4.998736381530762
4048000,4.998985290527344
4050000,4.999026298522949
4052000,4.998941421508789
4054000,4.998706340789795
4056000,4.998811721801758
4058000,4.9989423751831055
4060000,4.998996257781982
4062000,4.999051570892334
4064000,4.999090671539307
4066000,4.998763084411621
4068000,4.998867988586426
4070000,4.99896764755249
4072000,4.9989542961120605
4074000,4.999114036560059
4076000,4.998800754547119
4078000,4.99884557723999
4080000,4.999051570892334
4082000,4.999175071716309
4084000,4.9987616539001465
4086000,4.998976707458496
4088000,4.998987674713135
4090000,4.999002456665039
4092000,4.999007225036621
4094000,4.998950004577637
4096000,4.998899459838867
4098000,4.999118804931641
4100000,4.999205112457275
4102000,4.9991278648376465
4104000,4.999145984649658
4106000,4.99912166595459
4108000,4.999192237854004
4110000,4.999207496643066
4112000,4.999043941497803
4114000,4.999088287353516
4116000,4.998950004577637
4118000,4.999054908752441
4120000,4.998824596405029
4122000,4.998971462249756
4124000,4.998969078063965
4126000,4.998960971832275
4128000,4.999043941497803
4130000,4.999137878417969
4132000,4.999221324920654
4134000,4.999111652374268
4136000,4.999194145202637
4138000,4.99887752532959
4140000,4.998969554901123
4142000,4.999000549316406
4144000,4.9990644454956055
4146000,4.999063014984131
4148000,4.999101638793945
4150000,4.999086856842041
4152000,4.999154090881348
4154000,4.999166965484619
4156000,4.999124050140381
4158000,4.998961448669434
4160000,4.998968124389648
4162000,4.999063968658447
4164000,4.999179363250732
4166000,4.999261379241943
4168000,4.9987664222717285
4170000,4.998814582824707
4172000,4.998881816864014
4174000,4.998965740203857
4176000,4.998781681060791
4178000,4.99875020980835
4180000,4.998664855957031
4182000,4.998754024505615
4184000,4.998968601226807
4186000,4.999046802520752
4188000,4.999094009399414
4190000,4.99911642074585
4192000,4.999192237854004
4194000,4.999197959899902
4196000,4.999202728271484
4198000,4.999121189117432
4200000,4.998868942260742
4202000,4.998729705810547
4204000,4.998654842376709
4206000,4.998712539672852
4208000,4.998775482177734
4210000,4.998815536499023
4212000,4.998887538909912
4214000,4.998958110809326
4216000,4.9990105628967285
4218000,4.999000549316406
4220000,4.999155044555664
4222000,4.999131679534912
4224000,4.998935222625732
4226000,4.999020099639893
4228000,4.999070167541504
4230000,4.999053001403809
4232000,4.9991350173950195
4234000,4.998645305633545
4236000,4.998812198638916
4238000,4.998852252960205
4240000,4.998927116394043
4242000,4.998977184295654
4244000,4.999058246612549
4246000,4.99909782409668
4248000,4.999081134796143
4250000,4.999016284942627
4252000,4.999176979064941
4254000,4.999080181121826
4256000,4.999081134796143
4258000,4.999170780181885
4260000,4.99921989440918
4262000,4.9990105628967285
4264000,4.998579502105713
4266000,4.998983860015869
4268000,4.998971939086914
4270000,4.999093532562256
4272000,4.9990692138671875
4274000,4.999148368835449
4276000,4.99915885925293
4278000,4.999187469482422
4280000,4.9991302490234375
4282000,4.999042510986328
4284000,4.999136924743652
4286000,4.999172210693359
4288000,4.999103546142578
4290000,4.999050617218018
4292000,4.998999118804932
4294000,4.999114036560059
4296000,4.999120712280273
4298000,4.99925422668457
4300000,4.999220848083496
4302000,4.998867988586426
4304000,4.998978614807129
4306000,4.9990010261535645
4308000,4.999183654785156
4310000,4.999029159545898
4312000,4.999111175537109
4314000,4.999117851257324
4316000,4.9989118576049805
4318000,4.9989752769470215
4320000,4.998981475830078
4322000,4.998713493347168
4324000,4.999006748199463
4326000,4.999028205871582
4328000,4.998983860015869
4330000,4.999086856842041
4332000,4.99917459487915
4334000,4.99900484085083
4336000,4.999040603637695
4338000,4.999180793762207
4340000,4.9991960525512695
4342000,4.999175548553467
4344000,4.9991455078125
4346000,4.99915075302124
4348000,4.999197006225586
4350000,4.999178886413574
4352000,4.999192237854004
4354000,4.999248027801514
4356000,4.999232769012451
4358000,4.999170303344727
4360000,4.9991326332092285
4362000,4.999236583709717
4364000,4.999214172363281
4366000,4.999044895172119
4368000,4.999056816101074
4370000,4.9990057945251465
4372000,4.999139785766602
4374000,4.99918270111084
4376000,4.999167442321777
4378000,4.999111175537109
4380000,4.999105930328369
4382000,4.999234199523926
4384000,4.999090194702148
4386000,4.999172687530518
4388000,4.999080181121826
4390000,4.999258041381836
4392000,4.999229907989502
4394000,4.99921989440918
4396000,4.999052047729492
4398000,4.99918794631958
4400000,4.999080657958984
4402000,4.999140739440918
4404000,4.999160289764404
4406000,4.999235153198242
4408000,4.999256610870361
4410000,4.998871326446533
4412000,4.998785018920898
4414000,4.998837947845459
4416000,4.99896764755249
4418000,4.999082088470459
4420000,4.9991230964660645
4422000,4.999190807342529
4424000,4.999027252197266
4426000,4.999051570892334
4428000,4.999083995819092
4430000,4.999186038970947
4432000,4.999200344085693
4434000,4.9991679191589355
4436000,4.999168872833252
4438000,4.9991631507873535
4440000,4.9992780685424805
4442000,4.998985290527344
4444000,4.99910831451416
4446000,4.999106407165527
4448000,4.9990129470825195
4450000,4.999024868011475
4452000,4.998997688293457
4454000,4.9989013671875
4456000,4.9990949630737305
4458000,4.999166965484619
4460000,4.999014854431152
4462000,4.9990057945251465
4464000,4.998929500579834
4466000,4.998993396759033
4468000,4.99899959564209
4470000,4.999100685119629
4472000,4.999119758605957
4474000,4.9991135597229
4476000,4.999146461486816
4478000,4.999149799346924
4480000,4.999166965484619
4482000,4.9990034103393555
4484000,4.998906135559082
4486000,4.999009609222412
4488000,4.999155044555664
4490000,4.999204158782959
4492000,4.999147415161133
4494000,4.9990010261535645
4496000,4.999045372009277
4498000,4.998842716217041
4500000,4.9989166259765625
4502000,4.998979091644287
4504000,4.999061584472656
4506000,4.998962879180908
4508000,4.999001979827881
4510000,4.999057292938232
4512000,4.999143123626709
4514000,4.999138355255127
4516000,4.999231338500977
4518000,4.99915075302124
4520000,4.999134540557861
4522000,4.999067306518555
4524000,4.9991936683654785
4526000,4.999138832092285
4528000,4.999168872833252
4530000,4.999165058135986
4532000,4.99917459487915
4534000,4.999200820922852
4536000,4.998964786529541
4538000,4.999081134796143
4540000,4.99912691116333
4542000,4.999149322509766
4544000,4.998945236206055
4546000,4.9989705085754395
4548000,4.998965740203857
4550000,4.999003887176514
4552000,4.999084949493408
4554000,4.999144077301025
4556000,4.999128818511963
4558000,4.999079704284668
4560000,4.999133110046387
4562000,4.999286651611328
4564000,4.999256610870361
4566000,4.9992499351501465
4568000,4.999245643615723
4570000,4.999208927154541
4572000,4.999169826507568
4574000,4.999183177947998
4576000,4.999073505401611
4578000,4.999173164367676
4580000,4.999192237854004
4582000,4.999267578125
4584000,4.999184608459473
4586000,4.999083518981934
4588000,4.999115467071533
4590000,4.999138832092285
4592000,4.999086856842041
4594000,4.999078273773193
4596000,4.9990997314453125
4598000,4.9991936683654785
4600000,4.999136924743652
4602000,4.999056816101074
4604000,4.999139785766602
4606000,4.998745918273926
4608000,4.998849391937256
4610000,4.999117374420166
4612000,4.999162197113037
4614000,4.999166011810303
4616000,4.999207496643066
4618000,4.999246597290039
4620000,4.998983383178711
4622000,4.999028205871582
4624000,4.999093532562256
4626000,4.999144554138184
4628000,4.999114513397217
4630000,4.999105453491211
4632000,4.999144554138184
4634000,4.999237537384033
4636000,4.99920129776001
4638000,4.999199390411377
4640000,4.9993062019348145
4642000,4.999323844909668
4644000,4.99928617477417
4646000,4.99923849105835
4648000,4.999288082122803
4650000,4.999204158782959
4652000,4.999092102050781
4654000,4.99917459487915
4656000,4.999211311340332
4658000,4.99921178817749
4660000,4.999115467071533
4662000,4.99907112121582
4664000,4.999094009399414
4666000,4.999154090881348
4668000,4.999204635620117
4670000,4.99909782409668
4672000,4.999203205108643
4674000,4.999293327331543
4676000,4.999340057373047
4678000,4.999330520629883
4680000,4.999203205108643
4682000,4.999143600463867
4684000,4.99920129776001
4686000,4.999186038970947
4688000,4.999283313751221
4690000,4.9992899894714355
4692000,4.999261856079102
4694000,4.999166965484619
4696000,4.99921178817749
4698000,4.999215126037598
4700000,4.9991583824157715
4702000,4.999188423156738
4704000,4.999222278594971
4706000,4.999216079711914
4708000,4.999263763427734
4710000,4.9992780685424805
4712000,4.999270439147949
4714000,4.999277114868164
4716000,4.999295711517334
4718000,4.9992218017578125
4720000,4.999146938323975
4722000,4.999166965484619
4724000,4.999212741851807
4726000,4.999236583709717
4728000,4.999195098876953
4730000,4.999237537384033
4732000,4.999180793762207
4734000,4.999206066131592
4736000,4.999217987060547
4738000,4.999255180358887
4740000,4.999279975891113
4742000,4.999151229858398
4744000,4.999256610870361
4746000,4.999256610870361
4748000,4.9991455078125
4750000,4.999192237854004
4752000,4.999293327331543
4754000,4.999258995056152
4756000,4.999329090118408
4758000,4.99931526184082
4760000,4.999311923980713
4762000,4.999296188354492
4764000,4.999239921569824
4766000,4.99924373626709
4768000,4.999260425567627
4770000,4.99926233291626
4772000,4.998718738555908
4774000,4.9988884925842285
4776000,4.998875617980957
4778000,4.998649597167969
4780000,4.998842716217041
4782000,4.998978614807129
4784000,4.999035835266113
4786000,4.999088764190674
4788000,4.999155044555664
4790000,4.999211311340332
4792000,4.999258041381836
4794000,4.999290466308594
4796000,4.999309062957764
4798000,4.999335289001465
4800000,4.9992995262146
4802000,4.999279975891113
4804000,4.999309062957764
4806000,4.99912166595459
4808000,4.999192714691162
4810000,4.999267578125
4812000,4.999307632446289
4814000,4.9992451667785645
4816000,4.999246597290039
4818000,4.999301910400391
4820000,4.999335765838623
4822000,4.9993486404418945
4824000,4.999306678771973
4826000,4.999314308166504
4828000,4.999351501464844
4830000,4.999282360076904
4832000,4.999309539794922
4834000,4.998730659484863
4836000,4.99882173538208
4838000,4.998712539672852
4840000,4.998722553253174
4842000,4.998805522918701
4844000,4.9989471435546875
4846000,4.998965740203857
4848000,4.999032020568848
4850000,4.998992443084717
4852000,4.999007701873779
4854000,4.999186038970947
4856000,4.999176979064941
4858000,4.999268531799316
4860000,4.999153137207031
4862000,4.999212265014648
4864000,4.99929666519165
4866000,4.99930477142334
4868000,4.999330520629883
4870000,4.999312400817871
4872000,4.9992547035217285
4874000,4.999292850494385
4876000,4.999248027801514
4878000,4.99927282333374
4880000,4.99927282333374
4882000,4.999272346496582
4884000,4.999290943145752
4886000,4.999316215515137
4888000,4.999348163604736
4890000,4.999337673187256
4892000,4.999353408813477
4894000,4.999220371246338
4896000,4.99921178817749
4898000,4.999241352081299
4900000,4.999283790588379
4902000,4.999281406402588
4904000,4.999306678771973
4906000,4.999309539794922
4908000,4.999339580535889
4910000,4.99934720993042
4912000,4.999334335327148
4914000,4.999340534210205
4916000,4.999337673187256
4918000,4.9992451667785645
4920000,4.999263286590576
4922000,4.999269008636475
4924000,4.999238014221191
4926000,4.9992804527282715
4928000,4.999264240264893
4930000,4.999034404754639
4932000,4.999074935913086
4934000,4.999137878417969
4936000,4.999174118041992
4938000,4.999171733856201
4940000,4.999066352844238
4942000,4.999112129211426
4944000,4.999152183532715
4946000,4.999181747436523
4948000,4.999186992645264
4950000,4.9992146492004395
4952000,4.999215126037598
4954000,4.9992218017578125
4956000,4.999247074127197
4958000,4.999223709106445
4960000,4.999246120452881
4962000,4.9992451667785645
4964000,4.999261856079102
4966000,4.999222755432129
4968000,4.999304294586182
4970000,4.9993181228637695
4972000,4.999330997467041
4974000,4.999330997467041
4976000,4.999252796173096
4978000,4.999295711517334
4980000,4.999329090118408
4982000,4.99920129776001
4984000,4.999199390411377
4986000,4.999293327331543
4988000,4.999332904815674
4990000,4.9993486404418945
4992000,4.999353408813477
4994000,4.999361515045166
4996000,4.999363422393799
4998000,4.999186992645264
5000000,4.999200344085693
5002000,4.999255180358887
5004000,4.999291896820068
5006000,4.999284744262695
5008000,4.9993109703063965
5010000,4.999322891235352
5012000,4.999330997467041
5014000,4.99933385848999
5016000,4.9992995262146
5018000,4.9993085861206055
5020000,4.999314785003662
5022000,4.999346733093262
5024000,4.9992804527282715
5026000,4.99926233291626
5028000,4.999268531799316
5030000,4.999289512634277
5032000,4.999329090118408
5034000,4.999345779418945
5036000,4.999363422393799
5038000,4.999363422393799
5040000,4.999351501464844
5042000,4.999195098876953
5044000,4.999174118041992
5046000,4.999241352081299
5048000,4.999300956726074
5050000,4.999325752258301
5052000,4.999312400817871
5054000,4.999303817749023
5056000,4.99933385848999
5058000,4.9993486404418945
5060000,4.9993367195129395
5062000,4.9993391036987305
5064000,4.999344348907471
5066000,4.999361038208008
5068000,4.999355316162109
5070000,4.999373912811279
5072000,4.999154090881348
5074000,4.999205589294434
5076000,4.999281406402588
5078000,4.999273300170898
5080000,4.999266624450684
5082000,4.999273777008057
5084000,4.999309539794922
5086000,4.999340534210205
5088000,4.999345779418945
5090000,4.999382972717285
5092000,4.9992852210998535
5094000,4.999279499053955
5096000,4.99931526184082
5098000,4.999320983886719
5100000,4.999330043792725
5102000,4.999366760253906
5104000,4.9993743896484375
5106000,4.999373912811279
5108000,4.99936056137085
5110000,4.999370574951172
5112000,4.999345779418945
5114000,4.999356269836426
5116000,4.999375820159912
5118000,4.999370098114014
5120000,4.9992899894714355
5122000,4.99932861328125
5124000,4.999293804168701
5126000,4.99931526184082
5128000,4.999271392822266
5130000,4.999330043792725
5132000,4.99936056137085
5134000,4.99936056137085
5136000,4.999338150024414
5138000,4.9991230964660645
5140000,4.999185085296631
5142000,4.999246120452881
5144000,4.999264717102051
5146000,4.999300956726074
5148000,4.999327182769775
5150000,4.999343395233154
5152000,4.999377727508545
5154000,4.999136447906494
5156000,4.999210357666016
5158000,4.9992451667785645
5160000,4.999256610870361
5162000,4.999309539794922
5164000,4.99931526184082
5166000,4.999324798583984
5168000,4.999351978302002
5170000,4.999345779418945
5172000,4.9993510246276855
5174000,4.999330520629883
5176000,4.999346733093262
5178000,4.999357223510742
5180000,4.999366283416748
5182000,4.999351501464844
5184000,4.999368190765381
5186000,4.999385833740234
5188000,4.99936056137085
5190000,4.999391555786133
5192000,4.999411582946777
5194000,4.999401092529297
5196000,4.999392509460449
5198000,4.999368190765381
5200000,4.9993767738342285
5202000,4.999375343322754
5204000,4.999372959136963
5206000,4.999391555786133
5208000,4.999322414398193
5210000,4.999335289001465
5212000,4.9993510246276855
5214000,4.999354839324951
5216000,4.999388694763184
5218000,4.999374866485596
5220000,4.999367713928223
5222000,4.999373912811279
5224000,4.999353885650635
5226000,4.999369144439697
5228000,4.9993791580200195
5230000,4.9993743896484375
5232000,4.999386787414551
5234000,4.999369144439697
5236000,4.999377727508545
5238000,4.999366283416748
5240000,4.999373912811279
5242000,4.999393463134766
5244000,4.999411106109619
5246000,4.999419689178467
5248000,4.99940824508667
5250000,4.99940824508667
5252000,4.9994096755981445
5254000,4.999417304992676
5256000,4.9994072914123535
5258000,4.999387741088867
5260000,4.999391555786133
5262000,4.999388694763184
5264000,4.999383926391602
5266000,4.999398231506348
5268000,4.999392509460449
5270000,4.999382972717285
5272000,4.999393463134766
5274000,4.999361991882324
5276000,4.999378681182861
5278000,4.999342918395996
5280000,4.999335765838623
5282000,4.9993577003479
5284000,4.999363422393799
5286000,4.9993696212768555
5288000,4.9993720054626465
5290000,4.999368190765381
5292000,4.9993743896484375
5294000,4.999373912811279
5296000,4.9993896484375
5298000,4.999392032623291
5300000,4.999402046203613
5302000,4.99939489364624
5304000,4.999391555786133
5306000,4.999362468719482
5308000,4.999372959136963
5310000,4.9993896484375
5312000,4.999368667602539
5314000,4.999359607696533
5316000,4.999334335327148
5318000,4.999354362487793
5320000,4.999346733093262
5322000,4.999363422393799
5324000,4.999358654022217
5326000,4.999368190765381
5328000,4.9993720054626465
5330000,4.999380588531494
5332000,4.999332904815674
5334000,4.999332904815674
5336000,4.999357223510742
5338000,4.999369144439697
5340000,4.999356746673584
5342000,4.999345302581787
5344000,4.9993367195129395
5346000,4.9993510246276855
5348000,4.999345779418945
5350000,4.999349594116211
5352000,4.999346733093262
5354000,4.999350070953369
5356000,4.999362468719482
5358000,4.999363422393799
5360000,4.999382972717285
5362000,4.999390602111816
5364000,4.999392509460449
5366000,4.999390125274658
5368000,4.999395370483398
5370000,4.9994001388549805
5372000,4.999369144439697
5374000,4.999394416809082
5376000,4.999381065368652
5378000,4.999382019042969
5380000,4.999420642852783
5382000,4.999411106109619
5384000,4.999395370483398
5386000,4.999350070953369
5388000,4.999362468719482
5390000,4.9993720054626465
5392000,4.999382019042969
5394000,4.999375820159912
5396000,4.99938440322876
5398000,4.999386787414551
5400000,4.999394416809082
5402000,4.999395847320557
5404000,4.999382019042969
5406000,4.99938440322876
5408000,4.999391555786133
5410000,4.999366283416748
5412000,4.999375343322754
5414000,4.999370098114014
5416000,4.999354839324951
5418000,4.999356746673584
5420000,4.999357223510742
5422000,4.999330997467041
5424000,4.999345779418945
5426000,4.999365329742432
5428000,4.999370574951172
5430000,4.99934196472168
5432000,4.999365329742432
5434000,4.999362945556641
5436000,4.999362945556641
5438000,4.999378204345703
5440000,4.999393463134766
5442000,4.999368190765381
5444000,4.99936056137085
5446000,4.99937105178833
5448000,4.999370098114014
5450000,4.999383926391602
5452000,4.9993791580200195
5454000,4.999372959136963
5456000,4.999377250671387
5458000,4.999367713928223
5460000,4.999369144439697
5462000,4.999370098114014
5464000,4.9993720054626465
5466000,4.999382972717285
5468000,4.999390602111816
5470000,4.999391555786133
5472000,4.999383926391602
5474000,4.999386787414551
5476000,4.999392509460449
5478000,4.999395847320557
5480000,4.999401569366455
5482000,4.999392032623291
5484000,4.999406814575195
5486000,4.999427795410156
5488000,4.99941873550415
5490000,4.999416828155518
5492000,4.999413013458252
5494000,4.999405384063721
5496000,4.99940824508667
5498000,4.9994025230407715
5500000,4.99941873550415
5502000,4.999423980712891
5504000,4.999421119689941
5506000,4.999413967132568
5508000,4.999415874481201
5510000,4.999415874481201
5512000,4.999411582946777
5514000,4.999407768249512
5516000,4.999401569366455
5518000,4.999388694763184
5520000,4.9994072914123535
5522000,4.9993896484375
5524000,4.999397277832031
5526000,4.999392986297607
5528000,4.999410152435303
5530000,4.999395370483398
5532000,4.999413967132568
5534000,4.999406337738037
5536000,4.999406814575195
5538000,4.999403953552246
5540000,4.999419689178467
5542000,4.999416828155518
5544000,4.999428749084473
5546000,4.999425888061523
5548000,4.999410629272461
5550000,4.999406814575195
5552000,4.999416828155518
5554000,4.999425888061523
5556000,4.999423027038574
5558000,4.9994096755981445
5560000,4.999421119689941
5562000,4.999424934387207
5564000,4.999433517456055
5566000,4.999415874481201
5568000,4.999405384063721
5570000,4.999398708343506
5572000,4.999404430389404
5574000,4.999394416809082
5576000,4.999402046203613
5578000,4.999406337738037
5580000,4.999409198760986
5582000,4.999400615692139
5584000,4.999384880065918
5586000,4.999398231506348
5588000,4.999395370483398
5590000,4.999383926391602
5592000,4.999372959136963
5594000,4.999374866485596
5596000,4.9994072914123535
5598000,4.99935245513916
5600000,4.9993672370910645
5602000,4.999364376068115
5604000,4.999393463134766
5606000,4.999399185180664
5608000,4.999414920806885
5610000,4.999420642852783
5612000,4.999424934387207
5614000,4.999407768249512
5616000,4.999406337738037
5618000,4.999397277832031
5620000,4.99941349029541
5622000,4.999405860900879
5624000,4.999401569366455
5626000,4.999405860900879
5628000,4.999401092529297
5630000,4.999411106109619
5632000,4.999428749084473
5634000,4.999407768249512
5636000,4.999423503875732
5638000,4.9994215965271
5640000,4.999413967132568
5642000,4.999415874481201
5644000,4.999419212341309
5646000,4.99942684173584
5648000,4.999411582946777
5650000,4.9994215965271
5652000,4.999433517456055
5654000,4.999427795410156
5656000,4.9994120597839355
5658000,4.999413013458252
5660000,4.999404430389404
5662000,4.999413013458252
5664000,4.999415874481201
5666000,4.999421119689941
5668000,4.999418258666992
5670000,4.99940824508667
5672000,4.999382972717285
5674000,4.999389171600342
5676000,4.999381065368652
5678000,4.999399185180664
5680000,4.999409198760986
5682000,4.999385833740234
5684000,4.999394416809082
5686000,4.999392509460449
5688000,4.999380111694336
5690000,4.999375820159912
5692000,4.9993577003479
5694000,4.999363899230957
5696000,4.999368190765381
5698000,4.999383926391602
5700000,4.99935245513916
5702000,4.999369144439697
5704000,4.999377727508545
5706000,4.999401569366455
5708000,4.999401569366455
5710000,4.999380588531494
5712000,4.999388694763184
5714000,4.999393463134766
5716000,4.999406814575195
5718000,4.999390602111816
5720000,4.999411106109619
5722000,4.999404430389404
5724000,4.999409198760986
5726000,4.999415874481201
5728000,4.999396324157715
5730000,4.999391078948975
5732000,4.999404430389404
5734000,4.999391555786133
5736000,4.999370574951172
5738000,4.999401569366455
5740000,4.999413013458252
5742000,4.999415874481201
5744000,4.999417304992676
5746000,4.9994306564331055
5748000,4.999417304992676
5750000,4.999424457550049
5752000,4.999410152435303
5754000,4.9994120597839355
5756000,4.999410152435303
5758000,4.999413013458252
5760000,4.9994120597839355
5762000,4.999401569366455
5764000,4.9993977546691895
5766000,4.999406337738037
5768000,4.999411106109619
5770000,4.999390602111816
5772000,4.999387741088867
5774000,4.999356269836426
5776000,4.9993896484375
5778000,4.999398231506348
5780000,4.999402046203613
5782000,4.999413013458252
5784000,4.999393463134766
5786000,4.999407768249512
5788000,4.999404430389404
5790000,4.999413967132568
5792000,4.999409198760986
5794000,4.999389171600342
5796000,4.9994072914123535
5798000,4.999419689178467
5800000,4.999411106109619
5802000,4.999383926391602
5804000,4.99939489364624
5806000,4.999395370483398
5808000,4.999392032623291
5810000,4.999399185180664
5812000,4.9994120597839355
5814000,4.999416351318359
5816000,4.9994001388549805
5818000,4.999398708343506
5820000,4.999396324157715
5822000,4.999384880065918
5824000,4.999394416809082
5826000,4.999355316162109
5828000,4.9993720054626465
5830000,4.999355316162109
5832000,4.999361515045166
5834000,4.999365329742432
5836000,4.999354839324951
5838000,4.99934720993042
5840000,4.999375343322754
5842000,4.999378204345703
5844000,4.999393463134766
5846000,4.999394416809082
5848000,4.999393463134766
5850000,4.999403476715088
5852000,4.999391555786133
5854000,4.999403953552246
5856000,4.999423980712891
5858000,4.999413967132568
5860000,4.999384880065918
5862000,4.999389171600342
5864000,4.999392509460449
5866000,4.9994072914123535
5868000,4.999417304992676
5870000,4.999412536621094
5872000,4.999411106109619
5874000,4.999405860900879
5876000,4.999413967132568
5878000,4.999396324157715
5880000,4.999384880065918
5882000,4.999374866485596
5884000,4.999383926391602
5886000,4.999380111694336
5888000,4.999395847320557
5890000,4.99940299987793
5892000,4.999398708343506
5894000,4.999398708343506
5896000,4.999402046203613
5898000,4.999398231506348
5900000,4.999385833740234
5902000,4.999395370483398
5904000,4.999374866485596
5906000,4.999393939971924
5908000,4.999402046203613
5910000,4.999406337738037
5912000,4.9994120597839355
5914000,4.999414920806885
5916000,4.999419212341309
5918000,4.999403476715088
5920000,4.999411106109619
5922000,4.999414920806885
5924000,4.999413013458252
5926000,4.999398231506348
5928000,4.999413967132568
5930000,4.999405384063721
5932000,4.9994120597839355
5934000,4.999423027038574
5936000,4.999416828155518
5938000,4.999417781829834
5940000,4.999433994293213
5942000,4.99941873550415
5944000,4.999420642852783
5946000,4.99941349029541
5948000,4.999388217926025
5950000,4.999394416809082
5952000,4.999406814575195
5954000,4.999405384063721
5956000,4.999402046203613
5958000,4.999400615692139
5960000,4.9994049072265625
5962000,4.9993977546691895
5964000,4.999405860900879
5966000,4.999419212341309
5968000,4.999436378479004
5970000,4.999419212341309
5972000,4.999405384063721
5974000,4.999401569366455
5976000,4.999383926391602
5978000,4.999386787414551
5980000,4.999392509460449
5982000,4.999392509460449
5984000,4.999399185180664
5986000,4.9994001388549805
5988000,4.999398231506348
5990000,4.999403953552246
5992000,4.999402046203613
5994000,4.999411106109619
5996000,4.999416351318359
5998000,4.9994096755981445
6000000,4.9994072914123535
6002000,4.999409198760986
6004000,4.999405860900879
6006000,4.99942684173584
6008000,4.999414920806885
6010000,4.99943208694458
6012000,4.999421119689941
6014000,4.999426364898682
6016000,4.999413013458252
6018000,4.999434471130371
6020000,4.999427795410156
6022000,4.999447822570801
6024000,4.999431133270264
6026000,4.9994215965271
6028000,4.999423027038574
6030000,4.9994282722473145
6032000,4.99941873550415
6034000,4.999424457550049
6036000,4.999430179595947
6038000,4.999436378479004
6040000,4.999433994293213
6042000,4.999423980712891
6044000,4.999415874481201
6046000,4.999413013458252
6048000,4.9994282722473145
6050000,4.999427795410156
6052000,4.99943733215332
6054000,4.9994354248046875
6056000,4.999432563781738
6058000,4.999444007873535
6060000,4.999431133270264
6062000,4.999429702758789
6064000,4.999422073364258
6066000,4.999435901641846
6068000,4.999428749084473
6070000,4.999431610107422
6072000,4.999411106109619
6074000,4.999422073364258
6076000,4.99941349029541
6078000,4.999391078948975
6080000,4.999414920806885
6082000,4.9994025230407715
6084000,4.999396324157715
6086000,4.999393463134766
6088000,4.999375820159912
6090000,4.999382972717285
6092000,4.999380111694336
6094000,4.9993896484375
6096000,4.999393939971924
6098000,4.999399185180664
6100000,4.999400615692139
6102000,4.9994120597839355
6104000,4.999413967132568
6106000,4.999424934387207
6108000,4.999429225921631
6110000,4.999434471130371
6112000,4.999422550201416
6114000,4.999435901641846
6116000,4.999431610107422
6118000,4.999439239501953
6120000,4.999432563781738
6122000,4.999433517456055
6124000,4.999415397644043
6126000,4.999432563781738
6128000,4.999433517456055
6130000,4.99942684173584
6132000,4.999424457550049
6134000,4.999408721923828
6136000,4.999423027038574
6138000,4.999414920806885
6140000,4.999409198760986
6142000,4.999416828155518
6144000,4.999413967132568
6146000,4.999413013458252
6148000,4.999396800994873
6150000,4.999402046203613
6152000,4.999416828155518
6154000,4.999419689178467
6156000,4.999411582946777
6158000,4.99940824508667
6160000,4.999414443969727
6162000,4.999416351318359
6164000,4.999413013458252
6166000,4.9994120597839355
6168000,4.999404430389404
6170000,4.999423980712891
6172000,4.999414920806885
6174000,4.999411106109619
6176000,4.999409198760986
6178000,4.9994072914123535
6180000,4.9994072914123535
6182000,4.99940824508667
6184000,4.999399185180664
6186000,4.999417781829834
6188000,4.99942684173584
6190000,4.999418258666992
6192000,4.999410629272461
6194000,4.999423503875732
6196000,4.999409198760986
6198000,4.999406814575195
6200000,4.999415397644043
6202000,4.999431133270264
6204000,4.999423503875732
6206000,4.99941873550415
6208000,4.999404430389404
6210000,4.999406337738037
6212000,4.999405384063721
6214000,4.999393939971924
6216000,4.9994096755981445
6218000,4.999421119689941
6220000,4.999422550201416
6222000,4.999416828155518
6224000,4.999411582946777
6226000,4.9994215965271
6228000,4.999403953552246
6230000,4.999406337738037
6232000,4.999395370483398
6234000,4.9994001388549805
6236000,4.999383449554443
6238000,4.999383926391602
6240000,4.999393463134766
6242000,4.999384880065918
6244000,4.999387741088867
6246000,4.999387264251709
6248000,4.999392509460449
6250000,4.999390602111816
6252000,4.99938440322876
6254000,4.999374866485596
6256000,4.9993672370910645
6258000,4.999390602111816
6260000,4.999388217926025
6262000,4.9994049072265625
6264000,4.999393939971924
6266000,4.999416351318359
6268000,4.999413013458252
6270000,4.999414920806885
6272000,4.999412536621094
6274000,4.99940299987793
6276000,4.999396324157715
6278000,4.999387741088867
6280000,4.999393939971924
6282000,4.999412536621094
6284000,4.9994120597839355
6286000,4.999401092529297
6288000,4.999403476715088
6290000,4.999412536621094
6292000,4.999416828155518
6294000,4.9994072914123535
6296000,4.999403476715088
6298000,4.999391555786133
6300000,4.999387741088867
6302000,4.9993896484375
6304000,4.999394416809082
6306000,4.999390602111816
6308000,4.999382495880127
6310000,4.999380588531494
6312000,4.999384880065918
6314000,4.999386310577393
6316000,4.999392032623291
6318000,4.999382495880127
6320000,4.999393463134766
6322000,4.999388217926025
6324000,4.999401092529297
6326000,4.999391555786133
6328000,4.999405384063721
6330000,4.9994001388549805
6332000,4.9994096755981445
6334000,4.999417304992676
6336000,4.99941873550415
6338000,4.999416828155518
6340000,4.999403476715088
6342000,4.999409198760986
6344000,4.999413967132568
6346000,4.999413967132568
6348000,4.999419212341309
6350000,4.999415874481201
6352000,4.999414443969727
6354000,4.999419689178467
6356000,4.999422073364258
6358000,4.999406337738037
6360000,4.999410152435303
6362000,4.9994025230407715
6364000,4.999398231506348
6366000,4.999411582946777
6368000,4.999414920806885
6370000,4.999416828155518
6372000,4.999410152435303
6374000,4.999417781829834
6376000,4.999414920806885
6378000,4.999387264251709
6380000,4.999392509460449
6382000,4.999378204345703
6384000,4.999382019042969
6386000,4.99938440322876
6388000,4.999389171600342
6390000,4.99936580657959
6392000,4.999363422393799
6394000,4.999387264251709
6396000,4.999384880065918
6398000,4.999382972717285
6400000,4.999394416809082
6402000,4.999387741088867
6404000,4.999402046203613
6406000,4.999404430389404
6408000,4.9994049072265625
6410000,4.999415874481201
6412000,4.9994096755981445
6414000,4.999410629272461
6416000,4.999405384063721
6418000,4.999405860900879
6420000,4.999406337738037
6422000,4.999400615692139
6424000,4.9994025230407715
6426000,4.999397277832031
6428000,4.999407768249512
6430000,4.99941349029541
6432000,4.999410152435303
6434000,4.999406337738037
6436000,4.999407768249512
6438000,4.999410629272461
6440000,4.999415874481201
6442000,4.999416828155518
6444000,4.999419212341309
6446000,4.999417781829834
6448000,4.999407768249512
6450000,4.9994025230407715
6452000,4.999414443969727
6454000,4.999416351318359
6456000,4.999415874481201
6458000,4.999416351318359
6460000,4.9994025230407715
6462000,4.999399185180664
6464000,4.9994096755981445
6466000,4.999409198760986
6468000,4.999416351318359
6470000,4.999413013458252
6472000,4.999415397644043
6474000,4.9994215965271
6476000,4.999423503875732
6478000,4.999416351318359
6480000,4.999419212341309
6482000,4.9994120597839355
6484000,4.999405384063721
6486000,4.999398708343506
6488000,4.999394416809082
6490000,4.999401569366455
6492000,4.9994049072265625
6494000,4.999390602111816
6496000,4.999380111694336
6498000,4.999392986297607
6500000,4.999386787414551
6502000,4.999380111694336
6504000,4.999392509460449
6506000,4.99937105178833
6508000,4.999383449554443
6510000,4.999396324157715
6512000,4.999388217926025
6514000,4.999406337738037
6516000,4.9994120597839355
6518000,4.999408721923828
6520000,4.999414920806885
6522000,4.999415874481201
6524000,4.999422550201416
6526000,4.99942684173584
6528000,4.999407768249512
6530000,4.999418258666992
6532000,4.999419212341309
6534000,4.999423503875732
6536000,4.999414443969727
6538000,4.999409198760986
6540000,4.999398231506348
6542000,4.999410152435303
6544000,4.999403953552246
6546000,4.999417781829834
6548000,4.999413967132568
6550000,4.999415874481201
6552000,4.999413013458252
6554000,4.999415874481201
6556000,4.999422073364258
6558000,4.999415874481201
6560000,4.999421119689941
6562000,4.999403953552246
6564000,4.999401569366455
6566000,4.9994215965271
6568000,4.999413967132568
6570000,4.999409198760986
6572000,4.9994096755981445
6574000,4.999418258666992
6576000,4.999410152435303
6578000,4.999405384063721
6580000,4.999413967132568
6582000,4.999406337738037
6584000,4.9994049072265625
6586000,4.999411106109619
6588000,4.999414443969727
6590000,4.999415874481201
6592000,4.999413013458252
6594000,4.99941873550415
6596000,4.999423980712891
6598000,4.999403953552246
6600000,4.999415874481201
6602000,4.999408721923828
6604000,4.99941873550415
6606000,4.9994025230407715
6608000,4.999425888061523
6610000,4.999432563781738
6612000,4.999434471130371
6614000,4.999438285827637
6616000,4.999427318572998
6618000,4.9994306564331055
6620000,4.999425411224365
6622000,4.999427795410156
6624000,4.99943208694458
6626000,4.999431133270264
6628000,4.999431133270264
6630000,4.99943208694458
6632000,4.999427795410156
6634000,4.9994354248046875
6636000,4.999427318572998
6638000,4.999423980712891
6640000,4.999423980712891
6642000,4.999425411224365
6644000,4.9994330406188965
6646000,4.999433994293213
6648000,4.999424934387207
6650000,4.999425888061523
6652000,4.999429225921631
6654000,4.999427795410156
6656000,4.999418258666992
6658000,4.999430179595947
6660000,4.999416351318359
6662000,4.999419689178467
6664000,4.999421119689941
6666000,4.99942684173584
6668000,4.999417781829834
6670000,4.999431133270264
6672000,4.9994378089904785
6674000,4.999429225921631
6676000,4.999435901641846
6678000,4.99941873550415
6680000,4.9994215965271
6682000,4.999425888061523
6684000,4.999425888061523
6686000,4.999436378479004
6688000,4.999429225921631
6690000,4.999438762664795
6692000,4.9994425773620605
6694000,4.999448299407959
6696000,4.9994378089904785
6698000,4.999439716339111
6700000,4.999436378479004
6702000,4.999438762664795
6704000,4.999433994293213
6706000,4.999442100524902
6708000,4.9994401931762695
6710000,4.999428749084473
6712000,4.99943733215332
6714000,4.999436855316162
6716000,4.999429702758789
6718000,4.999436378479004
6720000,4.999425888061523
6722000,4.99942684173584
6724000,4.999425411224365
6726000,4.999425411224365
6728000,4.99943208694458
6730000,4.9994306564331055
6732000,4.999425411224365
6734000,4.999429702758789
6736000,4.999427318572998
6738000,4.999430179595947
6740000,4.99943733215332
6742000,4.99943733215332
6744000,4.999434471130371
6746000,4.999436378479004
6748000,4.999432563781738
6750000,4.999444007873535
6752000,4.999431133270264
6754000,4.999429702758789
6756000,4.999431610107422
6758000,4.999422073364258
6760000,4.999424457550049
6762000,4.999432563781738
6764000,4.999423980712891
6766000,4.99942684173584
6768000,4.999424934387207
6770000,4.999438285827637
6772000,4.999431133270264
6774000,4.99942684173584
6776000,4.9994354248046875
6778000,4.9994425773620605
6780000,4.999432563781738
6782000,4.999427318572998
6784000,4.999417781829834
6786000,4.9994354248046875
6788000,4.999427795410156
6790000,4.999424934387207
6792000,4.99942684173584
6794000,4.999435901641846
6796000,4.999423980712891
6798000,4.9994306564331055
6800000,4.99943208694458
6802000,4.999427318572998
6804000,4.999423503875732
6806000,4.999425888061523
6808000,4.999431610107422
6810000,4.999423980712891
6812000,4.999424934387207
6814000,4.999428749084473
6816000,4.99941349029541
6818000,4.99942684173584
6820000,4.9994378089904785
6822000,4.999435901641846
6824000,4.9994306564331055
6826000,4.999433517456055
6828000,4.999425888061523
6830000,4.999434471130371
6832000,4.999433517456055
6834000,4.999426364898682
6836000,4.9994306564331055
6838000,4.9994282722473145
6840000,4.9994330406188965
6842000,4.999438285827637
6844000,4.999438762664795
6846000,4.999438285827637
6848000,4.9994378089904785
6850000,4.999433517456055
6852000,4.999423503875732
6854000,4.999427318572998
6856000,4.999423027038574
6858000,4.999429702758789
6860000,4.999434471130371
6862000,4.9994401931762695
6864000,4.999441623687744
6866000,4.999435901641846
6868000,4.999434947967529
6870000,4.999441146850586
6872000,4.999431133270264
6874000,4.999444484710693
6876000,4.999438285827637
6878000,4.999439239501953
6880000,4.999433517456055
6882000,4.999443531036377
6884000,4.9994401931762695
6886000,4.999438285827637
6888000,4.9994354248046875
6890000,4.999434471130371
6892000,4.999435901641846
6894000,4.999441623687744
6896000,4.999429702758789
6898000,4.9994425773620605
6900000,4.999441623687744
6902000,4.99943733215332
6904000,4.999442100524902
6906000,4.999443054199219
6908000,4.999438285827637
6910000,4.999439716339111
6912000,4.999441623687744
6914000,4.999426364898682
6916000,4.999446392059326
6918000,4.999423980712891
6920000,4.999433517456055
6922000,4.999423980712891
6924000,4.9994282722473145
6926000,4.999433517456055
6928000,4.999434471130371
6930000,4.999435901641846
6932000,4.999436855316162
6934000,4.9994401931762695
6936000,4.999438762664795
6938000,4.999447345733643
6940000,4.999429702758789
6942000,4.999427795410156
6944000,4.999438285827637
6946000,4.99942684173584
6948000,4.99942684173584
6950000,4.999426364898682
6952000,4.999429225921631
6954000,4.999427318572998
6956000,4.999426364898682
6958000,4.999428749084473
6960000,4.999423027038574
6962000,4.9994282722473145
6964000,4.999427795410156
6966000,4.9994282722473145
6968000,4.999421119689941
6970000,4.999425888061523
6972000,4.999427318572998
6974000,4.99942684173584
6976000,4.999429225921631
6978000,4.999436378479004
6980000,4.999436855316162
6982000,4.999439716339111
6984000,4.999429225921631
6986000,4.999429702758789
6988000,4.999436378479004
6990000,4.999446392059326
6992000,4.999433517456055
6994000,4.999436378479004
6996000,4.999422550201416
6998000,4.999433517456055
7000000,4.999415874481201
7002000,4.999419689178467
7004000,4.999424934387207
7006000,4.999423980712891
7008000,4.999421119689941
7010000,4.99942684173584
7012000,4.999425888061523
7014000,4.999433994293213
7016000,4.999441623687744
7018000,4.999441623687744
7020000,4.99942684173584
7022000,4.9994282722473145
7024000,4.999438285827637
7026000,4.999427318572998
7028000,4.999433994293213
7030000,4.9994354248046875
7032000,4.999427795410156
7034000,4.999423980712891
7036000,4.999424934387207
7038000,4.999424934387207
7040000,4.999419689178467
7042000,4.999418258666992
7044000,4.999416828155518
7046000,4.9994282722473145
7048000,4.999415874481201
7050000,4.999424457550049
7052000,4.999427795410156
7054000,4.999429702758789
7056000,4.999427318572998
7058000,4.9994282722473145
7060000,4.9994306564331055
7062000,4.999431610107422
7064000,4.999428749084473
7066000,4.9994425773620605
7068000,4.999426364898682
7070000,4.999423503875732
7072000,4.9994354248046875
7074000,4.999438762664795
7076000,4.99943208694458
7078000,4.9994354248046875
7080000,4.999436855316162
7082000,4.999425888061523
7084000,4.9994306564331055
7086000,4.99942684173584
7088000,4.999431610107422
7090000,4.999431133270264
7092000,4.999428749084473
7094000,4.999427795410156
7096000,4.999433517456055
7098000,4.9994282722473145
7100000,4.9994330406188965
7102000,4.999431133270264
7104000,4.999436378479004
7106000,4.999434471130371
7108000,4.9994401931762695
7110000,4.999432563781738
7112000,4.999428749084473
7114000,4.9994306564331055
7116000,4.999420642852783
7118000,4.999419212341309
7120000,4.999423980712891
7122000,4.999432563781738
7124000,4.999420642852783
7126000,4.999424934387207
7128000,4.999425888061523
7130000,4.999423027038574
7132000,4.999423027038574
7134000,4.999439716339111
7136000,4.999436378479004
7138000,4.999436855316162
7140000,4.999432563781738
7142000,4.99943733215332
7144000,4.999432563781738
7146000,4.999431610107422
7148000,4.999433517456055
7150000,4.999434471130371
7152000,4.999439239501953
7154000,4.999435901641846
7156000,4.999417781829834
7158000,4.9994120597839355
7160000,4.999419689178467
7162000,4.999433994293213
7164000,4.999417781829834
7166000,4.99941873550415
7168000,4.999422550201416
7170000,4.999415397644043
7172000,4.9994120597839355
7174000,4.999415397644043
7176000,4.999413013458252
7178000,4.999416351318359
7180000,4.999423980712891
7182000,4.9994306564331055
7184000,4.999422073364258
7186000,4.999419689178467
7188000,4.999429702758789
7190000,4.999432563781738
7192000,4.99943733215332
7194000,4.999433517456055
7196000,4.999431610107422
7198000,4.999425888061523
7200000,4.999427795410156
7202000,4.999417781829834
7204000,4.999432563781738
7206000,4.99942684173584
7208000,4.999427318572998
7210000,4.999423027038574
7212000,4.999421119689941
7214000,4.99941873550415
7216000,4.99943208694458
7218000,4.999426364898682
7220000,4.9994282722473145
7222000,4.999429702758789
7224000,4.9994330406188965
7226000,4.999426364898682
7228000,4.999434947967529
7230000,4.999434947967529
7232000,4.999434947967529
7234000,4.999433517456055
7236000,4.99942684173584
7238000,4.999436855316162
7240000,4.9994401931762695
7242000,4.999443054199219
7244000,4.999438762664795
7246000,4.99942684173584
7248000,4.99943733215332
7250000,4.999426364898682
7252000,4.999438285827637
7254000,4.999430179595947
7256000,4.999436378479004
7258000,4.999431610107422
7260000,4.999429702758789
7262000,4.999426364898682
7264000,4.999433517456055
7266000,4.999429702758789
7268000,4.999436378479004
7270000,4.999429225921631
7272000,4.999430179595947
7274000,4.9994306564331055
7276000,4.9994354248046875
7278000,4.999425888061523
7280000,4.999429225921631
7282000,4.999434947967529
7284000,4.999436378479004
7286000,4.9994306564331055
7288000,4.999422550201416
7290000,4.999431133270264
7292000,4.999438285827637
7294000,4.999425888061523
7296000,4.9994282722473145
7298000,4.999429702758789
7300000,4.999431133270264
7302000,4.999436855316162
7304000,4.999423980712891
7306000,4.9994425773620605
7308000,4.9994306564331055
7310000,4.999436378479004
7312000,4.999436378479004
7314000,4.99943733215332
7316000,4.999433517456055
7318000,4.9994425773620605
7320000,4.999444961547852
7322000,4.9994354248046875
7324000,4.999446392059326
7326000,4.999433994293213
7328000,4.999436378479004
7330000,4.9994378089904785
7332000,4.999433517456055
7334000,4.999429702758789
7336000,4.999427318572998
7338000,4.999429702758789
7340000,4.999433517456055
7342000,4.999425888061523
7344000,4.999432563781738
7346000,4.999425888061523
7348000,4.999441623687744
7350000,4.999439239501953
7352000,4.999433517456055
7354000,4.999439239501953
7356000,4.999428749084473
7358000,4.999439239501953
7360000,4.9994401931762695
7362000,4.9994378089904785
7364000,4.999442100524902
7366000,4.999433517456055
7368000,4.999443531036377
7370000,4.999438762664795
7372000,4.9994425773620605
7374000,4.9994425773620605
7376000,4.999432563781738
7378000,4.999436378479004
7380000,4.999436855316162
7382000,4.999443531036377
7384000,4.999438285827637
7386000,4.999432563781738
7388000,4.9994306564331055
7390000,4.999427795410156
7392000,4.999424934387207
7394000,4.999433994293213
7396000,4.999422073364258
7398000,4.999434947967529
7400000,4.9994306564331055
7402000,4.999434471130371
7404000,4.9994306564331055
7406000,4.999423980712891
7408000,4.999429225921631
7410000,4.999425888061523
7412000,4.999416828155518
7414000,4.999422073364258
7416000,4.999433517456055
7418000,4.999423980712891
7420000,4.999422073364258
7422000,4.999431610107422
7424000,4.999423980712891
7426000,4.999436378479004
7428000,4.999425888061523
7430000,4.999428749084473
7432000,4.999436378479004
7434000,4.9994354248046875
7436000,4.999443531036377
7438000,4.999438762664795
7440000,4.999432563781738
7442000,4.999438285827637
7444000,4.999438285827637
7446000,4.999438285827637
7448000,4.999428749084473
7450000,4.999429702758789
7452000,4.999429702758789
7454000,4.9994378089904785
7456000,4.999432563781738
7458000,4.999431133270264
7460000,4.999425888061523
7462000,4.9994306564331055
7464000,4.999436378479004
7466000,4.999433994293213
7468000,4.999431610107422
7470000,4.999428749084473
7472000,4.999425411224365
7474000,4.99944543838501
7476000,4.99943733215332
7478000,4.99943733215332
7480000,4.999431610107422
7482000,4.999430179595947
7484000,4.9994306564331055
7486000,4.999433517456055
7488000,4.999423980712891
7490000,4.999431610107422
7492000,4.99943208694458
7494000,4.9994401931762695
7496000,4.999447822570801
7498000,4.999433994293213
7500000,4.9994425773620605
7502000,4.999438285827637
7504000,4.999439716339111
7506000,4.999436378479004
7508000,4.999438762664795
7510000,4.999439239501953
7512000,4.9994378089904785
7514000,4.999436378479004
7516000,4.999434947967529
7518000,4.999444007873535
7520000,4.999446392059326
7522000,4.9994401931762695
7524000,4.999433517456055
7526000,4.999445915222168
7528000,4.999438285827637
7530000,4.999443054199219
7532000,4.999443054199219
7534000,4.999452590942383
7536000,4.9994425773620605
7538000,4.999441146850586
7540000,4.99943733215332
7542000,4.9994306564331055
7544000,4.999433994293213
7546000,4.999426364898682
7548000,4.999432563781738
7550000,4.9994354248046875
7552000,4.999429225921631
7554000,4.999441623687744
7556000,4.999439239501953
7558000,4.999436855316162
7560000,4.9994354248046875
7562000,4.9994401931762695
7564000,4.999441623687744
7566000,4.999443531036377
7568000,4.999446392059326
7570000,4.999436855316162
7572000,4.999446392059326
7574000,4.999441146850586
7576000,4.999438285827637
7578000,4.999438285827637
7580000,4.999443531036377
7582000,4.999446392059326
7584000,4.999436855316162
7586000,4.9994401931762695
7588000,4.9994401931762695
7590000,4.999444484710693
7592000,4.9994425773620605
7594000,4.99943208694458
7596000,4.999438285827637
7598000,4.999432563781738
7600000,4.999438285827637
7602000,4.9994282722473145
7604000,4.999431610107422
7606000,4.999436855316162
7608000,4.999444007873535
7610000,4.999439716339111
7612000,4.999444484710693
7614000,4.99943208694458
7616000,4.999433517456055
7618000,4.999429702758789
7620000,4.999434471130371
7622000,4.9994330406188965
7624000,4.999426364898682
7626000,4.999433994293213
7628000,4.999436378479004
7630000,4.999441623687744
7632000,4.999433994293213
7634000,4.999439716339111
7636000,4.999441623687744
7638000,4.9994425773620605
7640000,4.999450206756592
7642000,4.999441146850586
7644000,4.999436378479004
7646000,4.99943733215332
7648000,4.999444007873535
7650000,4.999447345733643
7652000,4.999446868896484
7654000,4.999446868896484
7656000,4.999445915222168
7658000,4.9994354248046875
7660000,4.999444961547852
7662000,4.999449729919434
7664000,4.9994401931762695
7666000,4.999444484710693
7668000,4.999436378479004
7670000,4.999444484710693
7672000,4.999444484710693
7674000,4.9994401931762695
7676000,4.999452114105225
7678000,4.999441146850586
7680000,4.999445915222168
7682000,4.999445915222168
7684000,4.999443531036377
7686000,4.999446868896484
7688000,4.999431610107422
7690000,4.999442100524902
7692000,4.999439239501953
7694000,4.999445915222168
7696000,4.9994354248046875
7698000,4.999438285827637
7700000,4.999428749084473
7702000,4.999436378479004
7704000,4.999439239501953
7706000,4.999429702758789
7708000,4.999436378479004
7710000,4.999431133270264
7712000,4.99943733215332
7714000,4.999443531036377
7716000,4.999442100524902
7718000,4.999444007873535
7720000,4.999441146850586
7722000,4.999441623687744
7724000,4.999431133270264
7726000,4.999447345733643
7728000,4.999439239501953
7730000,4.999441146850586
7732000,4.999436378479004
7734000,4.999449253082275
7736000,4.999434947967529
7738000,4.9994401931762695
7740000,4.999438762664795
7742000,4.999438285827637
7744000,4.999441623687744
7746000,4.999435901641846
7748000,4.999442100524902
7750000,4.9994425773620605
7752000,4.999435901641846
7754000,4.9994306564331055
7756000,4.9994425773620605
7758000,4.999449253082275
7760000,4.999446868896484
7762000,4.999451160430908
7764000,4.999447822570801
7766000,4.999448776245117
7768000,4.999446392059326
7770000,4.99943733215332
7772000,4.999441146850586
7774000,4.999443054199219
7776000,4.999449729919434
7778000,4.999439239501953
7780000,4.99945068359375
7782000,4.999444484710693
7784000,4.9994354248046875
7786000,4.999441623687744
7788000,4.999441146850586
7790000,4.999449729919434
7792000,4.99944543838501
7794000,4.999444007873535
7796000,4.999450206756592
7798000,4.999446392059326
7800000,4.999447822570801
7802000,4.999450206756592
7804000,4.99945068359375
7806000,4.99944543838501
7808000,4.999444484710693
7810000,4.999451160430908
7812000,4.9994425773620605
7814000,4.999441146850586
7816000,4.999448776245117
7818000,4.999443531036377
7820000,4.999443054199219
7822000,4.999439716339111
7824000,4.999443054199219
7826000,4.999441146850586
7828000,4.9994425773620605
7830000,4.999441623687744
7832000,4.999441623687744
7834000,4.999438285827637
7836000,4.999441623687744
7838000,4.9994378089904785
7840000,4.999442100524902
7842000,4.99943733215332
7844000,4.999444007873535
7846000,4.999450206756592
7848000,4.999452114105225
7850000,4.999443531036377
7852000,4.999441623687744
7854000,4.999446392059326
7856000,4.999444484710693
7858000,4.999444007873535
7860000,4.999446868896484
7862000,4.999441146850586
7864000,4.999444484710693
7866000,4.9994425773620605
7868000,4.9994425773620605
7870000,4.999444007873535
7872000,4.999441146850586
7874000,4.999443531036377
7876000,4.999449253082275
7878000,4.999443531036377
7880000,4.99944543838501
7882000,4.999446392059326
7884000,4.999454021453857
7886000,4.999441623687744
7888000,4.999442100524902
7890000,4.999447345733643
7892000,4.999444007873535
7894000,4.999438285827637
7896000,4.999447345733643
7898000,4.999438762664795
7900000,4.999454975128174
7902000,4.999452590942383
7904000,4.999448299407959
7906000,4.99944543838501
7908000,4.999444007873535
7910000,4.9994425773620605
7912000,4.999443054199219
7914000,4.999448776245117
7916000,4.999450206756592
7918000,4.999452114105225
7920000,4.999443531036377
7922000,4.9994425773620605
7924000,4.999444484710693
7926000,4.999451637268066
7928000,4.999446392059326
7930000,4.9994425773620605
7932000,4.999443531036377
7934000,4.999451160430908
7936000,4.999444484710693
7938000,4.999452114105225
7940000,4.999454975128174
7942000,4.99945592880249
7944000,4.999444961547852
7946000,4.999450206756592
7948000,4.999447822570801
7950000,4.999451160430908
7952000,4.99945592880249
7954000,4.999454021453857
7956000,4.999451160430908
7958000,4.999457359313965
7960000,4.999445915222168
7962000,4.999448299407959
7964000,4.9994401931762695
7966000,4.99944543838501
7968000,4.999447345733643
7970000,4.999448299407959
7972000,4.99943733215332
7974000,4.999449729919434
7976000,4.999448776245117
7978000,4.999443531036377
7980000,4.999443531036377
7982000,4.999444961547852
7984000,4.9994425773620605
7986000,4.999453067779541
7988000,4.999456882476807
7990000,4.999454975128174
7992000,4.999457359313965
7994000,4.999455451965332
7996000,4.999441623687744
7998000,4.999450206756592
8000000,4.999453544616699
8002000,4.999454975128174
8004000,4.999450206756592
8006000,4.999446392059326
8008000,4.999449729919434
8010000,4.999456882476807
8012000,4.999451160430908
8014000,4.999449729919434
8016000,4.99944543838501
8018000,4.999450206756592
8020000,4.999451160430908
8022000,4.999463081359863
8024000,4.999454975128174
8026000,4.999450206756592
8028000,4.999454975128174
8030000,4.999451160430908
8032000,4.999454021453857
8034000,4.999443054199219
8036000,4.999447822570801
8038000,4.9994425773620605
8040000,4.999449253082275
8042000,4.999444007873535
8044000,4.999456882476807
8046000,4.999436855316162
8048000,4.999438285827637
8050000,4.99943733215332
8052000,4.9994378089904785
8054000,4.999446868896484
8056000,4.999448299407959
8058000,4.99944543838501
8060000,4.999445915222168
8062000,4.99944543838501
8064000,4.999443531036377
8066000,4.999447345733643
8068000,4.999449253082275
8070000,4.999444007873535
8072000,4.999448776245117
8074000,4.999446868896484
8076000,4.999452114105225
8078000,4.999447822570801
8080000,4.99944543838501
8082000,4.999451160430908
8084000,4.999447822570801
8086000,4.999452114105225
8088000,4.999449253082275
8090000,4.99944543838501
8092000,4.999449253082275
8094000,4.999452114105225
8096000,4.999444961547852
8098000,4.99944543838501
8100000,4.999448299407959
8102000,4.999450206756592
8104000,4.999438762664795
8106000,4.999448299407959
8108000,4.999449253082275
8110000,4.999453067779541
8112000,4.999446392059326
8114000,4.999446868896484
8116000,4.999450206756592
8118000,4.999453067779541
8120000,4.999447345733643
8122000,4.999448776245117
8124000,4.999456882476807
8126000,4.999452590942383
8128000,4.999450206756592
8130000,4.999448299407959
8132000,4.999452114105225
8134000,4.999447345733643
8136000,4.999443531036377
8138000,4.999444484710693
8140000,4.999439716339111
8142000,4.99945068359375
8144000,4.999447345733643
8146000,4.999447822570801
8148000,4.999449729919434
8150000,4.999453067779541
8152000,4.999449729919434
8154000,4.99945592880249
8156000,4.999456405639648
8158000,4.9994425773620605
8160000,4.999447345733643
8162000,4.999449253082275
8164000,4.999447822570801
8166000,4.999454975128174
8168000,4.999454975128174
8170000,4.99945068359375
8172000,4.999460220336914
8174000,4.999450206756592
8176000,4.999454021453857
8178000,4.999447345733643
8180000,4.999446868896484
8182000,4.999454021453857
8184000,4.999445915222168
8186000,4.99944543838501
8188000,4.999449729919434
8190000,4.99945068359375
8192000,4.999452114105225
8194000,4.999449253082275
8196000,4.999456882476807
8198000,4.999454021453857
8200000,4.99945068359375
8202000,4.999447822570801
8204000,4.999457836151123
8206000,4.999454021453857
8208000,4.99945592880249
8210000,4.999450206756592
8212000,4.999443054199219
8214000,4.999444484710693
8216000,4.999444961547852
8218000,4.999443054199219
8220000,4.9994425773620605
8222000,4.999451160430908
8224000,4.999449253082275
8226000,4.999453544616699
8228000,4.999453544616699
8230000,4.999452590942383
8232000,4.999453067779541
8234000,4.999447822570801
8236000,4.99944543838501
8238000,4.999449253082275
8240000,4.999448299407959
8242000,4.999449729919434
8244000,4.999450206756592
8246000,4.9994378089904785
8248000,4.999452114105225
8250000,4.999450206756592
8252000,4.999446392059326
8254000,4.999447345733643
8256000,4.999447345733643
8258000,4.999446392059326
8260000,4.999446868896484
8262000,4.99945068359375
8264000,4.999451160430908
8266000,4.999447345733643
8268000,4.999446392059326
8270000,4.999444961547852
8272000,4.999448299407959
8274000,4.999449253082275
8276000,4.999443531036377
8278000,4.999448299407959
8280000,4.999449253082275
8282000,4.999447822570801
8284000,4.99944543838501
8286000,4.999448299407959
8288000,4.999454021453857
8290000,4.999447345733643
8292000,4.999457359313965
8294000,4.99945068359375
8296000,4.999462127685547
8298000,4.999447822570801
8300000,4.999451637268066
8302000,4.999446392059326
8304000,4.999447345733643
8306000,4.999455451965332
8308000,4.999452114105225
8310000,4.999454021453857
8312000,4.999452590942383
8314000,4.999450206756592
8316000,4.999446392059326
8318000,4.999451160430908
8320000,4.999449253082275
8322000,4.99945592880249
8324000,4.999448776245117
8326000,4.9994425773620605
8328000,4.999452114105225
8330000,4.99945068359375
8332000,4.999446392059326
8334000,4.999446868896484
8336000,4.999445915222168
8338000,4.9994425773620605
8340000,4.999448299407959
8342000,4.999441146850586
8344000,4.99944543838501
8346000,4.999448299407959
8348000,4.999447345733643
8350000,4.999439716339111
8352000,4.999446392059326
8354000,4.999438762664795
8356000,4.999446868896484
8358000,4.999453067779541
8360000,4.999450206756592
8362000,4.999450206756592
8364000,4.999446868896484
8366000,4.999454975128174
8368000,4.99944543838501
8370000,4.999445915222168
8372000,4.999447345733643
8374000,4.999449253082275
8376000,4.999453067779541
8378000,4.999447345733643
8380000,4.999452114105225
8382000,4.999451160430908
8384000,4.999454021453857
8386000,4.999452114105225
8388000,4.999451160430908
8390000,4.99945068359375
8392000,4.99945592880249
8394000,4.999455451965332
8396000,4.999459266662598
8398000,4.999449253082275
8400000,4.999450206756592
8402000,4.999447822570801
8404000,4.999454975128174
8406000,4.999451160430908
8408000,4.999449729919434
8410000,4.999456882476807
8412000,4.999446392059326
8414000,4.999448299407959
8416000,4.999451160430908
8418000,4.999445915222168
8420000,4.999442100524902
8422000,4.999442100524902
8424000,4.999444484710693
8426000,4.99944543838501
8428000,4.9994425773620605
8430000,4.999444484710693
8432000,4.999444484710693
8434000,4.999447345733643
8436000,4.999456882476807
8438000,4.999443531036377
8440000,4.999445915222168
8442000,4.9994401931762695
8444000,4.9994425773620605
8446000,4.999447345733643
8448000,4.999453544616699
8450000,4.999441623687744
8452000,4.999454975128174
8454000,4.999448299407959
8456000,4.999453067779541
8458000,4.99944543838501
8460000,4.999448776245117
8462000,4.999444961547852
8464000,4.999444484710693
8466000,4.999448776245117
8468000,4.999453544616699
8470000,4.999446392059326
8472000,4.999449253082275
8474000,4.999447345733643
8476000,4.999462127685547
8478000,4.999449253082275
8480000,4.999456405639648
8482000,4.999455451965332
8484000,4.999457836151123
8486000,4.999454021453857
8488000,4.999451637268066
8490000,4.999454975128174
8492000,4.9994611740112305
8494000,4.999454975128174
8496000,4.999454021453857
8498000,4.999452114105225
8500000,4.999451637268066
8502000,4.999453544616699
8504000,4.999453067779541
8506000,4.999454975128174
8508000,4.9994587898254395
8510000,4.999455451965332
8512000,4.9994611740112305
8514000,4.999453067779541
8516000,4.999454498291016
8518000,4.999453544616699
8520000,4.999447345733643
8522000,4.999454021453857
8524000,4.999459266662598
8526000,4.999450206756592
8528000,4.999453544616699
8530000,4.999454975128174
8532000,4.99945068359375
8534000,4.99945068359375
8536000,4.999454975128174
8538000,4.999449253082275
8540000,4.999449253082275
8542000,4.999447345733643
8544000,4.999453067779541
8546000,4.999455451965332
8548000,4.999456882476807
8550000,4.999454975128174
8552000,4.999454975128174
8554000,4.999464511871338
8556000,4.999454975128174
8558000,4.999457836151123
8560000,4.999449253082275
8562000,4.999456882476807
8564000,4.999450206756592
8566000,4.99945068359375
8568000,4.999457836151123
8570000,4.999459743499756
8572000,4.999450206756592
8574000,4.999453544616699
8576000,4.999459266662598
8578000,4.999460220336914
8580000,4.999456882476807
8582000,4.999459743499756
8584000,4.999460220336914
8586000,4.999456882476807
8588000,4.99945592880249
8590000,4.999457359313965
8592000,4.9994611740112305
8594000,4.999451637268066
8596000,4.999454975128174
8598000,4.999450206756592
8600000,4.999448299407959
8602000,4.999454498291016
8604000,4.999455451965332
8606000,4.999454498291016
8608000,4.999454975128174
8610000,4.999451160430908
8612000,4.99945592880249
8614000,4.999459743499756
8616000,4.9994587898254395
8618000,4.99945592880249
8620000,4.99945592880249
8622000,4.999454021453857
8624000,4.999454975128174
8626000,4.999459743499756
8628000,4.999457836151123
8630000,4.999456405639648
8632000,4.999457836151123
8634000,4.99946403503418
8636000,4.999453544616699
8638000,4.999459743499756
8640000,4.999449253082275
8642000,4.999462127685547
8644000,4.999465465545654
8646000,4.99946403503418
8648000,4.999461650848389
8650000,4.999457359313965
8652000,4.99945592880249
8654000,4.9994587898254395
8656000,4.999456882476807
8658000,4.999454498291016
8660000,4.99946403503418
8662000,4.999456882476807
8664000,4.999458312988281
8666000,4.999451637268066
8668000,4.99945592880249
8670000,4.999460220336914
8672000,4.999460220336914
8674000,4.999459266662598
8676000,4.999446392059326
8678000,4.9994587898254395
8680000,4.999454021453857
8682000,4.999462127685547
8684000,4.9994587898254395
8686000,4.999449253082275
8688000,4.999463081359863
8690000,4.99945592880249
8692000,4.9994587898254395
8694000,4.999448299407959
8696000,4.999454975128174
8698000,4.999451160430908
8700000,4.999454498291016
8702000,4.999461650848389
8704000,4.9994611740112305
8706000,4.999454498291016
8708000,4.999454498291016
8710000,4.99945592880249
8712000,4.99945068359375
8714000,4.999454021453857
8716000,4.999448299407959
8718000,4.999452114105225
8720000,4.99945592880249
8722000,4.999450206756592
8724000,4.99945068359375
8726000,4.999451160430908
8728000,4.999454975128174
8730000,4.999452590942383
8732000,4.999448299407959
8734000,4.999453067779541
8736000,4.999457836151123
8738000,4.999453544616699
8740000,4.999452590942383
8742000,4.999462604522705
8744000,4.999453544616699
8746000,4.999455451965332
8748000,4.999455451965332
8750000,4.999450206756592
8752000,4.999455451965332
8754000,4.999455451965332
8756000,4.999453067779541
8758000,4.99945592880249
8760000,4.99945592880249
8762000,4.999464511871338
8764000,4.999463081359863
8766000,4.9994587898254395
8768000,4.999463081359863
8770000,4.999457359313965
8772000,4.999463081359863
8774000,4.9994611740112305
8776000,4.999464988708496
8778000,4.9994587898254395
8780000,4.999455451965332
8782000,4.999462127685547
8784000,4.999462127685547
8786000,4.9994611740112305
8788000,4.999453067779541
8790000,4.999453544616699
8792000,4.9994587898254395
8794000,4.999453067779541
8796000,4.9994587898254395
8798000,4.999456882476807
8800000,4.999454021453857
8802000,4.99945592880249
8804000,4.999457359313965
8806000,4.9994587898254395
8808000,4.999457836151123
8810000,4.999454498291016
8812000,4.999462127685547
8814000,4.999462127685547
8816000,4.999454021453857
8818000,4.9994587898254395
8820000,4.9994611740112305
8822000,4.999459743499756
8824000,4.999454975128174
8826000,4.999456405639648
8828000,4.999453544616699
8830000,4.999449729919434
8832000,4.999454498291016
8834000,4.999454021453857
8836000,4.9994587898254395
8838000,4.99946403503418
8840000,4.9994587898254395
8842000,4.9994587898254395
8844000,4.999459266662598
8846000,4.999456882476807
8848000,4.999451160430908
8850000,4.999451160430908
8852000,4.999451160430908
8854000,4.999454021453857
8856000,4.9994659423828125
8858000,4.999456405639648
8860000,4.999461650848389
8862000,4.999453067779541
8864000,4.999454975128174
8866000,4.999459743499756
8868000,4.999453544616699
8870000,4.999454498291016
8872000,4.9994611740112305
8874000,4.999457836151123
8876000,4.999461650848389
8878000,4.999459743499756
8880000,4.999463081359863
8882000,4.9994587898254395
8884000,4.999455451965332
8886000,4.9994659423828125
8888000,4.999452590942383
8890000,4.999454975128174
8892000,4.999456405639648
8894000,4.999453067779541
8896000,4.999463081359863
8898000,4.999456882476807
8900000,4.99946403503418
8902000,4.999453067779541
8904000,4.999453544616699
8906000,4.999451160430908
8908000,4.999454975128174
8910000,4.999454021453857
8912000,4.999454021453857
8914000,4.999456405639648
8916000,4.999454021453857
8918000,4.999454498291016
8920000,4.999456882476807
8922000,4.999462127685547
8924000,4.999459743499756
8926000,4.999454021453857
8928000,4.999454975128174
8930000,4.999454975128174
8932000,4.99946403503418
8934000,4.999445915222168
8936000,4.999451160430908
8938000,4.999456882476807
8940000,4.9994587898254395
8942000,4.999457836151123
8944000,4.99945592880249
8946000,4.99945592880249
8948000,4.9994611740112305
8950000,4.99945592880249
8952000,4.999450206756592
8954000,4.999453544616699
8956000,4.999462604522705
8958000,4.999459266662598
8960000,4.999456882476807
8962000,4.99945592880249
8964000,4.999457836151123
8966000,4.999461650848389
8968000,4.999454975128174
8970000,4.999454021453857
8972000,4.999450206756592
8974000,4.999462127685547
8976000,4.999453544616699
8978000,4.999454021453857
8980000,4.999457359313965
8982000,4.999454021453857
8984000,4.999458312988281
8986000,4.999450206756592
8988000,4.999469757080078
8990000,4.999458312988281
8992000,4.99945592880249
8994000,4.999463081359863
8996000,4.999459266662598
8998000,4.999454975128174
9000000,4.999454021453857
9002000,4.99945592880249
9004000,4.999459743499756
9006000,4.999466896057129
9008000,4.999456882476807
9010000,4.99945592880249
9012000,4.999454498291016
9014000,4.999449253082275
9016000,4.999465465545654
9018000,4.999459266662598
9020000,4.999459743499756
9022000,4.999457359313965
9024000,4.9994659423828125
9026000,4.999456882476807
9028000,4.999459266662598
9030000,4.999454021453857
9032000,4.999465465545654
9034000,4.999453544616699
9036000,4.999457836151123
9038000,4.999462127685547
9040000,4.999456882476807
9042000,4.999463081359863
9044000,4.999466896057129
9046000,4.999456882476807
9048000,4.999455451965332
9050000,4.999460220336914
9052000,4.999452590942383
9054000,4.9994587898254395
9056000,4.999451160430908
9058000,4.999454021453857
9060000,4.999461650848389
9062000,4.999459266662598
9064000,4.999453067779541
9066000,4.999454975128174
9068000,4.999456405639648
9070000,4.999451637268066
9072000,4.999463081359863
9074000,4.999458312988281
9076000,4.999458312988281
9078000,4.999454021453857
9080000,4.999456882476807
9082000,4.999459743499756
9084000,4.999460220336914
9086000,4.999455451965332
9088000,4.999453067779541
9090000,4.9994587898254395
9092000,4.999456882476807
9094000,4.999456882476807
9096000,4.999457836151123
9098000,4.999453067779541
9100000,4.999451160430908
9102000,4.999451637268066
9104000,4.999455451965332
9106000,4.9994611740112305
9108000,4.99946403503418
9110000,4.999448299407959
9112000,4.999472618103027
9114000,4.99945592880249
9116000,4.99946403503418
9118000,4.999460220336914
9120000,4.99946403503418
9122000,4.999456882476807
9124000,4.999466419219971
9126000,4.999453067779541
9128000,4.999460220336914
9130000,4.999459266662598
9132000,4.999449253082275
9134000,4.999454975128174
9136000,4.9994587898254395
9138000,4.999457836151123
9140000,4.999453544616699
9142000,4.99945592880249
9144000,4.999454021453857
9146000,4.999453067779541
9148000,4.999460220336914
9150000,4.999450206756592
9152000,4.999462127685547
9154000,4.999452114105225
9156000,4.99946403503418
9158000,4.999462604522705
9160000,4.99945592880249
9162000,4.99946403503418
9164000,4.999467849731445
9166000,4.9994659423828125
9168000,4.999461650848389
9170000,4.999458312988281
9172000,4.999457836151123
9174000,4.999447345733643
9176000,4.99945592880249
9178000,4.999459743499756
9180000,4.999456405639648
9182000,4.999457359313965
9184000,4.9994611740112305
9186000,4.999459743499756
9188000,4.999441623687744
9190000,4.999458312988281
9192000,4.999466896057129
9194000,4.99945592880249
9196000,4.9994635581970215
9198000,4.999457836151123
9200000,4.999452590942383
9202000,4.999460220336914
9204000,4.999458312988281
9206000,4.999455451965332
9208000,4.999459743499756
9210000,4.9994635581970215
9212000,4.999454975128174
9214000,4.99945592880249
9216000,4.999456405639648
9218000,4.999458312988281
9220000,4.999460220336914
9222000,4.999462127685547
9224000,4.999453544616699
9226000,4.9994587898254395
9228000,4.999451160430908
9230000,4.9994587898254395
9232000,4.999463081359863
9234000,4.999454975128174
9236000,4.999456882476807
9238000,4.999462127685547
9240000,4.999459266662598
9242000,4.999453067779541
9244000,4.999456882476807
9246000,4.999457359313965
9248000,4.999463081359863
9250000,4.999461650848389
9252000,4.999457359313965
9254000,4.9994611740112305
9256000,4.999459266662598
9258000,4.999459743499756
9260000,4.999451160430908
9262000,4.999459743499756
9264000,4.9994587898254395
9266000,4.999456882476807
9268000,4.999462127685547
9270000,4.999454021453857
9272000,4.9994587898254395
9274000,4.999456405639648
9276000,4.9994587898254395
9278000,4.999457359313965
9280000,4.999453067779541
9282000,4.999459743499756
9284000,4.999463081359863
9286000,4.999454975128174
9288000,4.999454498291016
9290000,4.999457359313965
9292000,4.999457359313965
9294000,4.9994587898254395
9296000,4.999454975128174
9298000,4.999456882476807
9300000,4.99945592880249
9302000,4.99945592880249
9304000,4.9994635581970215
9306000,4.999461650848389
9308000,4.999460220336914
9310000,4.999459743499756
9312000,4.999453067779541
9314000,4.999459743499756
9316000,4.999459743499756
9318000,4.999456882476807
9320000,4.999457836151123
9322000,4.99945592880249
9324000,4.999462127685547
9326000,4.99945068359375
9328000,4.999462127685547
9330000,4.999459266662598
9332000,4.999465465545654
9334000,4.999457359313965
9336000,4.999462127685547
9338000,4.99945592880249
9340000,4.999462604522705
9342000,4.999457836151123
9344000,4.99945592880249
9346000,4.999457836151123
9348000,4.999452590942383
9350000,4.999457836151123
9352000,4.999456882476807
9354000,4.999457359313965
9356000,4.999456882476807
9358000,4.999457836151123
9360000,4.999457359313965
9362000,4.999456882476807
9364000,4.9994635581970215
9366000,4.99944543838501
9368000,4.99946403503418
9370000,4.999457836151123
9372000,4.9994587898254395
9374000,4.999454498291016
9376000,4.999463081359863
9378000,4.999462604522705
9380000,4.999456882476807
9382000,4.999457836151123
9384000,4.9994635581970215
9386000,4.999457836151123
9388000,4.999456882476807
9390000,4.999453067779541
9392000,4.999453067779541
9394000,4.999457359313965
9396000,4.999458312988281
9398000,4.999455451965332
9400000,4.999452590942383
9402000,4.999453067779541
9404000,4.999461650848389
9406000,4.999448299407959
9408000,4.999450206756592
9410000,4.999454975128174
9412000,4.9994587898254395
9414000,4.9994611740112305
9416000,4.999462127685547
9418000,4.999462604522705
9420000,4.999462604522705
9422000,4.999462604522705
9424000,4.999456882476807
9426000,4.999463081359863
9428000,4.999449253082275
9430000,4.999459743499756
9432000,4.999465465545654
9434000,4.999459266662598
9436000,4.999457836151123
9438000,4.999461650848389
9440000,4.999452590942383
9442000,4.999463081359863
9444000,4.999464988708496
9446000,4.999459266662598
9448000,4.99945592880249
9450000,4.99945592880249
9452000,4.999457836151123
9454000,4.999459743499756
9456000,4.99946403503418
9458000,4.999453067779541
9460000,4.999457836151123
9462000,4.999454021453857
9464000,4.999454975128174
9466000,4.999462604522705
9468000,4.999453544616699
9470000,4.9994611740112305
9472000,4.999451160430908
9474000,4.999459266662598
9476000,4.999449729919434
9478000,4.9994635581970215
9480000,4.99946403503418
9482000,4.999462604522705
9484000,4.999457359313965
9486000,4.99945592880249
9488000,4.99945068359375
9490000,4.9994635581970215
9492000,4.999454975128174
9494000,4.999454021453857
9496000,4.999458312988281
9498000,4.99946403503418
9500000,4.999459743499756
9502000,4.9994587898254395
9504000,4.999460220336914
9506000,4.999454975128174
9508000,4.999455451965332
9510000,4.999457836151123
9512000,4.999464988708496
9514000,4.9994659423828125
9516000,4.999456882476807
9518000,4.999454498291016
9520000,4.999454975128174
9522000,4.999461650848389
9524000,4.999459266662598
9526000,4.9994587898254395
9528000,4.9994611740112305
9530000,4.999454021453857
9532000,4.99945592880249
9534000,4.99945592880249
9536000,4.999458312988281
9538000,4.9994587898254395
9540000,4.999459743499756
9542000,4.999459743499756
9544000,4.999448299407959
9546000,4.999470233917236
9548000,4.999456882476807
9550000,4.9994635581970215
9552000,4.999457836151123
9554000,4.999451160430908
9556000,4.999456882476807
9558000,4.999454021453857
9560000,4.999467372894287
9562000,4.999454021453857
9564000,4.999458312988281
9566000,4.999449729919434
9568000,4.999454021453857
9570000,4.999460220336914
9572000,4.99946403503418
9574000,4.999454975128174
9576000,4.999457836151123
9578000,4.999458312988281
9580000,4.99945592880249
9582000,4.999459743499756
9584000,4.999454975128174
9586000,4.999464511871338
9588000,4.999451637268066
9590000,4.999454021453857
9592000,4.999450206756592
9594000,4.9994587898254395
9596000,4.999454021453857
9598000,4.999452114105225
9600000,4.999453067779541
9602000,4.999466896057129
9604000,4.999456882476807
9606000,4.99945592880249
9608000,4.999457836151123
9610000,4.9994587898254395
9612000,4.9994611740112305
9614000,4.999457359313965
9616000,4.999466419219971
9618000,4.999466419219971
9620000,4.999456405639648
9622000,4.9994611740112305
9624000,4.9994635581970215
9626000,4.999453544616699
9628000,4.999456882476807
9630000,4.999456405639648
9632000,4.999462127685547
9634000,4.9994611740112305
9636000,4.999454021453857
9638000,4.999457836151123
9640000,4.9994659423828125
9642000,4.999459743499756
9644000,4.999456882476807
9646000,4.999458312988281
9648000,4.999463081359863
9650000,4.9994683265686035
9652000,4.999459266662598
9654000,4.999460220336914
9656000,4.999457836151123
9658000,4.9994611740112305
9660000,4.9994611740112305
9662000,4.999456882476807
9664000,4.99945068359375
9666000,4.999459743499756
9668000,4.999454021453857
9670000,4.999462127685547
9672000,4.999467849731445
9674000,4.999457359313965
9676000,4.9994611740112305
9678000,4.999458312988281
9680000,4.99946928024292
9682000,4.999453544616699
9684000,4.999464988708496
9686000,4.999454021453857
9688000,4.999462604522705
9690000,4.999465465545654
9692000,4.9994635581970215
9694000,4.999458312988281
9696000,4.999462604522705
9698000,4.999459266662598
9700000,4.999453544616699
9702000,4.999454021453857
9704000,4.999454021453857
9706000,4.999454975128174
9708000,4.9994587898254395
9710000,4.9994611740112305
9712000,4.999461650848389
9714000,4.999459743499756
9716000,4.999462127685547
9718000,4.999453544616699
9720000,4.9994587898254395
9722000,4.9994587898254395
9724000,4.999459743499756
9726000,4.999456882476807
9728000,4.9994611740112305
9730000,4.999462604522705
9732000,4.999461650848389
9734000,4.999453544616699
9736000,4.999454021453857
9738000,4.999459743499756
9740000,4.9994611740112305
9742000,4.9994587898254395
9744000,4.9994659423828125
9746000,4.99945592880249
9748000,4.999462127685547
9750000,4.999461650848389
9752000,4.999464511871338
9754000,4.999457836151123
9756000,4.999450206756592
9758000,4.999454498291016
9760000,4.999452114105225
9762000,4.999460220336914
9764000,4.999451160430908
9766000,4.999467849731445
9768000,4.999462127685547
9770000,4.99944543838501
9772000,4.9994611740112305
9774000,4.9994587898254395
9776000,4.99946403503418
9778000,4.999462127685547
9780000,4.99946403503418
9782000,4.999454021453857
9784000,4.999456882476807
9786000,4.999459743499756
9788000,4.999459743499756
9790000,4.9994635581970215
9792000,4.999460220336914
9794000,4.9994587898254395
9796000,4.999448299407959
9798000,4.999464988708496
9800000,4.999454975128174
9802000,4.999456882476807
9804000,4.9994611740112305
9806000,4.999459743499756
9808000,4.999459266662598
9810000,4.99945592880249
9812000,4.999462127685547
9814000,4.999456882476807
9816000,4.9994611740112305
9818000,4.999454021453857
9820000,4.9994611740112305
9822000,4.99945592880249
9824000,4.999457836151123
9826000,4.999471664428711
9828000,4.999463081359863
9830000,4.999459743499756
9832000,4.9994611740112305
9834000,4.999456882476807
9836000,4.9994587898254395
9838000,4.999465465545654
9840000,4.999464988708496
9842000,4.999457836151123
9844000,4.999463081359863
9846000,4.9994683265686035
9848000,4.999451637268066
9850000,4.999459743499756
9852000,4.999463081359863
9854000,4.999463081359863
9856000,4.999467372894287
9858000,4.9994611740112305
9860000,4.999457359313965
9862000,4.999452114105225
9864000,4.999456405639648
9866000,4.999462127685547
9868000,4.999459743499756
9870000,4.99946403503418
9872000,4.99945068359375
9874000,4.999462127685547
9876000,4.999459743499756
9878000,4.999457359313965
9880000,4.999464988708496
9882000,4.999457836151123
9884000,4.9994659423828125
9886000,4.999454021453857
9888000,4.999466896057129
9890000,4.999453067779541
9892000,4.999456882476807
9894000,4.999459266662598
9896000,4.999447822570801
9898000,4.9994587898254395
9900000,4.999456882476807
9902000,4.9994611740112305
9904000,4.999457836151123
9906000,4.999455451965332
9908000,4.999457836151123
9910000,4.999460220336914
9912000,4.999461650848389
9914000,4.99945592880249
9916000,4.999469757080078
9918000,4.999458312988281
9920000,4.999456882476807
9922000,4.999459266662598
9924000,4.999462127685547
9926000,4.999454975128174
9928000,4.999464511871338
9930000,4.999461650848389
9932000,4.999464988708496
9934000,4.999462127685547
9936000,4.999454021453857
9938000,4.999459743499756
9940000,4.999468803405762
9942000,4.9994587898254395
9944000,4.999468803405762
9946000,4.999464511871338
9948000,4.999460220336914
9950000,4.999454021453857
9952000,4.999463081359863
9954000,4.99945592880249
9956000,4.99946403503418
9958000,4.999463081359863
9960000,4.9994587898254395
9962000,4.9994635581970215
9964000,4.999459743499756
9966000,4.999461650848389
9968000,4.999454498291016
9970000,4.999460220336914
9972000,4.999457359313965
9974000,4.9994659423828125
9976000,4.999456882476807
9978000,4.999463081359863
9980000,4.999471664428711
9982000,4.999455451965332
9984000,4.999459743499756
9986000,4.999459743499756
9988000,4.999462127685547
9990000,4.9994587898254395
9992000,4.999457836151123
9994000,4.999459743499756
9996000,4.9994587898254395
9998000,4.999457836151123
10000000,4.999454498291016
